pitches,4,5,6,7,8,9,10,11,12
1,BBBB,BBBSB,BBBSSB,BBBSSFB,BBBSSFFB,BBBSSFFFB,BBBSSFFFFB,BBBSSFFFFFB,BBBSSFFFFFFB
2,,BBBCB,BBBSCB,BBBSCFB,BBBSCFFB,BBBSCFFFB,BBBSCFFFFB,BBBSCFFFFFB,BBBSCFFFFFFB
3,,BBBFB,BBBSFB,BBBSFFB,BBBSFFFB,BBBSFFFFB,BBBSFFFFFB,BBBSFFFFFFB,BBBSFFFFFFFB
4,,BBSBB,BBBCSB,BBBCSFB,BBBCSFFB,BBBCSFFFB,BBBCSFFFFB,BBBCSFFFFFB,BBBCSFFFFFFB
5,,BBCBB,BBBCCB,BBBCCFB,BBBCCFFB,BBBCCFFFB,BBBCCFFFFB,BBBCCFFFFFB,BBBCCFFFFFFB
6,,BBFBB,BBBCFB,BBBCFFB,BBBCFFFB,BBBCFFFFB,BBBCFFFFFB,BBBCFFFFFFB,BBBCFFFFFFFB
7,,BSBBB,BBBFSB,BBBFSFB,BBBFSFFB,BBBFSFFFB,BBBFSFFFFB,BBBFSFFFFFB,BBBFSFFFFFFB
8,,BCBBB,BBBFCB,BBBFCFB,BBBFCFFB,BBBFCFFFB,BBBFCFFFFB,BBBFCFFFFFB,BBBFCFFFFFFB
9,,BFBBB,BBBFFB,BBBFFFB,BBBFFFFB,BBBFFFFFB,BBBFFFFFFB,BBBFFFFFFFB,BBBFFFFFFFFB
10,,SBBBB,BBSBSB,BBSBSFB,BBSBSFFB,BBSBSFFFB,BBSBSFFFFB,BBSBSFFFFFB,BBSBSFFFFFFB
11,,CBBBB,BBSBCB,BBSBCFB,BBSBCFFB,BBSBCFFFB,BBSBCFFFFB,BBSBCFFFFFB,BBSBCFFFFFFB
12,,FBBBB,BBSBFB,BBSBFFB,BBSBFFFB,BBSBFFFFB,BBSBFFFFFB,BBSBFFFFFFB,BBSBFFFFFFFB
13,,,BBSSBB,BBSSBFB,BBSSBFFB,BBSSBFFFB,BBSSBFFFFB,BBSSBFFFFFB,BBSSBFFFFFFB
14,,,BBSCBB,BBSSFBB,BBSSFBFB,BBSSFBFFB,BBSSFBFFFB,BBSSFBFFFFB,BBSSFBFFFFFB
15,,,BBSFBB,BBSCBFB,BBSSFFBB,BBSSFFBFB,BBSSFFBFFB,BBSSFFBFFFB,BBSSFFBFFFFB
16,,,BBCBSB,BBSCFBB,BBSCBFFB,BBSSFFFBB,BBSSFFFBFB,BBSSFFFBFFB,BBSSFFFBFFFB
17,,,BBCBCB,BBSFBFB,BBSCFBFB,BBSCBFFFB,BBSSFFFFBB,BBSSFFFFBFB,BBSSFFFFBFFB
18,,,BBCBFB,BBSFFBB,BBSCFFBB,BBSCFBFFB,BBSCBFFFFB,BBSSFFFFFBB,BBSSFFFFFBFB
19,,,BBCSBB,BBCBSFB,BBSFBFFB,BBSCFFBFB,BBSCFBFFFB,BBSCBFFFFFB,BBSSFFFFFFBB
20,,,BBCCBB,BBCBCFB,BBSFFBFB,BBSCFFFBB,BBSCFFBFFB,BBSCFBFFFFB,BBSCBFFFFFFB
21,,,BBCFBB,BBCBFFB,BBSFFFBB,BBSFBFFFB,BBSCFFFBFB,BBSCFFBFFFB,BBSCFBFFFFFB
22,,,BBFBSB,BBCSBFB,BBCBSFFB,BBSFFBFFB,BBSCFFFFBB,BBSCFFFBFFB,BBSCFFBFFFFB
23,,,BBFBCB,BBCSFBB,BBCBCFFB,BBSFFFBFB,BBSFBFFFFB,BBSCFFFFBFB,BBSCFFFBFFFB
24,,,BBFBFB,BBCCBFB,BBCBFFFB,BBSFFFFBB,BBSFFBFFFB,BBSCFFFFFBB,BBSCFFFFBFFB
25,,,BBFSBB,BBCCFBB,BBCSBFFB,BBCBSFFFB,BBSFFFBFFB,BBSFBFFFFFB,BBSCFFFFFBFB
26,,,BBFCBB,BBCFBFB,BBCSFBFB,BBCBCFFFB,BBSFFFFBFB,BBSFFBFFFFB,BBSCFFFFFFBB
27,,,BBFFBB,BBCFFBB,BBCSFFBB,BBCBFFFFB,BBSFFFFFBB,BBSFFFBFFFB,BBSFBFFFFFFB
28,,,BSBBSB,BBFBSFB,BBCCBFFB,BBCSBFFFB,BBCBSFFFFB,BBSFFFFBFFB,BBSFFBFFFFFB
29,,,BSBBCB,BBFBCFB,BBCCFBFB,BBCSFBFFB,BBCBCFFFFB,BBSFFFFFBFB,BBSFFFBFFFFB
30,,,BSBBFB,BBFBFFB,BBCCFFBB,BBCSFFBFB,BBCBFFFFFB,BBSFFFFFFBB,BBSFFFFBFFFB
31,,,BSBSBB,BBFSBFB,BBCFBFFB,BBCSFFFBB,BBCSBFFFFB,BBCBSFFFFFB,BBSFFFFFBFFB
32,,,BSBCBB,BBFSFBB,BBCFFBFB,BBCCBFFFB,BBCSFBFFFB,BBCBCFFFFFB,BBSFFFFFFBFB
33,,,BSBFBB,BBFCBFB,BBCFFFBB,BBCCFBFFB,BBCSFFBFFB,BBCBFFFFFFB,BBSFFFFFFFBB
34,,,BSSBBB,BBFCFBB,BBFBSFFB,BBCCFFBFB,BBCSFFFBFB,BBCSBFFFFFB,BBCBSFFFFFFB
35,,,BSCBBB,BBFFBFB,BBFBCFFB,BBCCFFFBB,BBCSFFFFBB,BBCSFBFFFFB,BBCBCFFFFFFB
36,,,BSFBBB,BBFFFBB,BBFBFFFB,BBCFBFFFB,BBCCBFFFFB,BBCSFFBFFFB,BBCBFFFFFFFB
37,,,BCBBSB,BSBBSFB,BBFSBFFB,BBCFFBFFB,BBCCFBFFFB,BBCSFFFBFFB,BBCSBFFFFFFB
38,,,BCBBCB,BSBBCFB,BBFSFBFB,BBCFFFBFB,BBCCFFBFFB,BBCSFFFFBFB,BBCSFBFFFFFB
39,,,BCBBFB,BSBBFFB,BBFSFFBB,BBCFFFFBB,BBCCFFFBFB,BBCSFFFFFBB,BBCSFFBFFFFB
40,,,BCBSBB,BSBSBFB,BBFCBFFB,BBFBSFFFB,BBCCFFFFBB,BBCCBFFFFFB,BBCSFFFBFFFB
41,,,BCBCBB,BSBSFBB,BBFCFBFB,BBFBCFFFB,BBCFBFFFFB,BBCCFBFFFFB,BBCSFFFFBFFB
42,,,BCBFBB,BSBCBFB,BBFCFFBB,BBFBFFFFB,BBCFFBFFFB,BBCCFFBFFFB,BBCSFFFFFBFB
43,,,BCSBBB,BSBCFBB,BBFFBFFB,BBFSBFFFB,BBCFFFBFFB,BBCCFFFBFFB,BBCSFFFFFFBB
44,,,BCCBBB,BSBFBFB,BBFFFBFB,BBFSFBFFB,BBCFFFFBFB,BBCCFFFFBFB,BBCCBFFFFFFB
45,,,BCFBBB,BSBFFBB,BBFFFFBB,BBFSFFBFB,BBCFFFFFBB,BBCCFFFFFBB,BBCCFBFFFFFB
46,,,BFBBSB,BSSBBFB,BSBBSFFB,BBFSFFFBB,BBFBSFFFFB,BBCFBFFFFFB,BBCCFFBFFFFB
47,,,BFBBCB,BSSBFBB,BSBBCFFB,BBFCBFFFB,BBFBCFFFFB,BBCFFBFFFFB,BBCCFFFBFFFB
48,,,BFBBFB,BSSFBBB,BSBBFFFB,BBFCFBFFB,BBFBFFFFFB,BBCFFFBFFFB,BBCCFFFFBFFB
49,,,BFBSBB,BSCBBFB,BSBSBFFB,BBFCFFBFB,BBFSBFFFFB,BBCFFFFBFFB,BBCCFFFFFBFB
50,,,BFBCBB,BSCBFBB,BSBSFBFB,BBFCFFFBB,BBFSFBFFFB,BBCFFFFFBFB,BBCCFFFFFFBB
51,,,BFBFBB,BSCFBBB,BSBSFFBB,BBFFBFFFB,BBFSFFBFFB,BBCFFFFFFBB,BBCFBFFFFFFB
52,,,BFSBBB,BSFBBFB,BSBCBFFB,BBFFFBFFB,BBFSFFFBFB,BBFBSFFFFFB,BBCFFBFFFFFB
53,,,BFCBBB,BSFBFBB,BSBCFBFB,BBFFFFBFB,BBFSFFFFBB,BBFBCFFFFFB,BBCFFFBFFFFB
54,,,BFFBBB,BSFFBBB,BSBCFFBB,BBFFFFFBB,BBFCBFFFFB,BBFBFFFFFFB,BBCFFFFBFFFB
55,,,SBBBSB,BCBBSFB,BSBFBFFB,BSBBSFFFB,BBFCFBFFFB,BBFSBFFFFFB,BBCFFFFFBFFB
56,,,SBBBCB,BCBBCFB,BSBFFBFB,BSBBCFFFB,BBFCFFBFFB,BBFSFBFFFFB,BBCFFFFFFBFB
57,,,SBBBFB,BCBBFFB,BSBFFFBB,BSBBFFFFB,BBFCFFFBFB,BBFSFFBFFFB,BBCFFFFFFFBB
58,,,SBBSBB,BCBSBFB,BSSBBFFB,BSBSBFFFB,BBFCFFFFBB,BBFSFFFBFFB,BBFBSFFFFFFB
59,,,SBBCBB,BCBSFBB,BSSBFBFB,BSBSFBFFB,BBFFBFFFFB,BBFSFFFFBFB,BBFBCFFFFFFB
60,,,SBBFBB,BCBCBFB,BSSBFFBB,BSBSFFBFB,BBFFFBFFFB,BBFSFFFFFBB,BBFBFFFFFFFB
61,,,SBSBBB,BCBCFBB,BSSFBBFB,BSBSFFFBB,BBFFFFBFFB,BBFCBFFFFFB,BBFSBFFFFFFB
62,,,SBCBBB,BCBFBFB,BSSFBFBB,BSBCBFFFB,BBFFFFFBFB,BBFCFBFFFFB,BBFSFBFFFFFB
63,,,SBFBBB,BCBFFBB,BSSFFBBB,BSBCFBFFB,BBFFFFFFBB,BBFCFFBFFFB,BBFSFFBFFFFB
64,,,SSBBBB,BCSBBFB,BSCBBFFB,BSBCFFBFB,BSBBSFFFFB,BBFCFFFBFFB,BBFSFFFBFFFB
65,,,SCBBBB,BCSBFBB,BSCBFBFB,BSBCFFFBB,BSBBCFFFFB,BBFCFFFFBFB,BBFSFFFFBFFB
66,,,SFBBBB,BCSFBBB,BSCBFFBB,BSBFBFFFB,BSBBFFFFFB,BBFCFFFFFBB,BBFSFFFFFBFB
67,,,CBBBSB,BCCBBFB,BSCFBBFB,BSBFFBFFB,BSBSBFFFFB,BBFFBFFFFFB,BBFSFFFFFFBB
68,,,CBBBCB,BCCBFBB,BSCFBFBB,BSBFFFBFB,BSBSFBFFFB,BBFFFBFFFFB,BBFCBFFFFFFB
69,,,CBBBFB,BCCFBBB,BSCFFBBB,BSBFFFFBB,BSBSFFBFFB,BBFFFFBFFFB,BBFCFBFFFFFB
70,,,CBBSBB,BCFBBFB,BSFBBFFB,BSSBBFFFB,BSBSFFFBFB,BBFFFFFBFFB,BBFCFFBFFFFB
71,,,CBBCBB,BCFBFBB,BSFBFBFB,BSSBFBFFB,BSBSFFFFBB,BBFFFFFFBFB,BBFCFFFBFFFB
72,,,CBBFBB,BCFFBBB,BSFBFFBB,BSSBFFBFB,BSBCBFFFFB,BBFFFFFFFBB,BBFCFFFFBFFB
73,,,CBSBBB,BFBBSFB,BSFFBBFB,BSSBFFFBB,BSBCFBFFFB,BSBBSFFFFFB,BBFCFFFFFBFB
74,,,CBCBBB,BFBBCFB,BSFFBFBB,BSSFBBFFB,BSBCFFBFFB,BSBBCFFFFFB,BBFCFFFFFFBB
75,,,CBFBBB,BFBBFFB,BSFFFBBB,BSSFBFBFB,BSBCFFFBFB,BSBBFFFFFFB,BBFFBFFFFFFB
76,,,CSBBBB,BFBSBFB,BCBBSFFB,BSSFBFFBB,BSBCFFFFBB,BSBSBFFFFFB,BBFFFBFFFFFB
77,,,CCBBBB,BFBSFBB,BCBBCFFB,BSSFFBBFB,BSBFBFFFFB,BSBSFBFFFFB,BBFFFFBFFFFB
78,,,CFBBBB,BFBCBFB,BCBBFFFB,BSSFFBFBB,BSBFFBFFFB,BSBSFFBFFFB,BBFFFFFBFFFB
79,,,FBBBSB,BFBCFBB,BCBSBFFB,BSSFFFBBB,BSBFFFBFFB,BSBSFFFBFFB,BBFFFFFFBFFB
80,,,FBBBCB,BFBFBFB,BCBSFBFB,BSCBBFFFB,BSBFFFFBFB,BSBSFFFFBFB,BBFFFFFFFBFB
81,,,FBBBFB,BFBFFBB,BCBSFFBB,BSCBFBFFB,BSBFFFFFBB,BSBSFFFFFBB,BBFFFFFFFFBB
82,,,FBBSBB,BFSBBFB,BCBCBFFB,BSCBFFBFB,BSSBBFFFFB,BSBCBFFFFFB,BSBBSFFFFFFB
83,,,FBBCBB,BFSBFBB,BCBCFBFB,BSCBFFFBB,BSSBFBFFFB,BSBCFBFFFFB,BSBBCFFFFFFB
84,,,FBBFBB,BFSFBBB,BCBCFFBB,BSCFBBFFB,BSSBFFBFFB,BSBCFFBFFFB,BSBBFFFFFFFB
85,,,FBSBBB,BFCBBFB,BCBFBFFB,BSCFBFBFB,BSSBFFFBFB,BSBCFFFBFFB,BSBSBFFFFFFB
86,,,FBCBBB,BFCBFBB,BCBFFBFB,BSCFBFFBB,BSSBFFFFBB,BSBCFFFFBFB,BSBSFBFFFFFB
87,,,FBFBBB,BFCFBBB,BCBFFFBB,BSCFFBBFB,BSSFBBFFFB,BSBCFFFFFBB,BSBSFFBFFFFB
88,,,FSBBBB,BFFBBFB,BCSBBFFB,BSCFFBFBB,BSSFBFBFFB,BSBFBFFFFFB,BSBSFFFBFFFB
89,,,FCBBBB,BFFBFBB,BCSBFBFB,BSCFFFBBB,BSSFBFFBFB,BSBFFBFFFFB,BSBSFFFFBFFB
90,,,FFBBBB,BFFFBBB,BCSBFFBB,BSFBBFFFB,BSSFBFFFBB,BSBFFFBFFFB,BSBSFFFFFBFB
91,,,,SBBBSFB,BCSFBBFB,BSFBFBFFB,BSSFFBBFFB,BSBFFFFBFFB,BSBSFFFFFFBB
92,,,,SBBBCFB,BCSFBFBB,BSFBFFBFB,BSSFFBFBFB,BSBFFFFFBFB,BSBCBFFFFFFB
93,,,,SBBBFFB,BCSFFBBB,BSFBFFFBB,BSSFFBFFBB,BSBFFFFFFBB,BSBCFBFFFFFB
94,,,,SBBSBFB,BCCBBFFB,BSFFBBFFB,BSSFFFBBFB,BSSBBFFFFFB,BSBCFFBFFFFB
95,,,,SBBSFBB,BCCBFBFB,BSFFBFBFB,BSSFFFBFBB,BSSBFBFFFFB,BSBCFFFBFFFB
96,,,,SBBCBFB,BCCBFFBB,BSFFBFFBB,BSSFFFFBBB,BSSBFFBFFFB,BSBCFFFFBFFB
97,,,,SBBCFBB,BCCFBBFB,BSFFFBBFB,BSCBBFFFFB,BSSBFFFBFFB,BSBCFFFFFBFB
98,,,,SBBFBFB,BCCFBFBB,BSFFFBFBB,BSCBFBFFFB,BSSBFFFFBFB,BSBCFFFFFFBB
99,,,,SBBFFBB,BCCFFBBB,BSFFFFBBB,BSCBFFBFFB,BSSBFFFFFBB,BSBFBFFFFFFB
100,,,,SBSBBFB,BCFBBFFB,BCBBSFFFB,BSCBFFFBFB,BSSFBBFFFFB,BSBFFBFFFFFB
101,,,,SBSBFBB,BCFBFBFB,BCBBCFFFB,BSCBFFFFBB,BSSFBFBFFFB,BSBFFFBFFFFB
102,,,,SBSFBBB,BCFBFFBB,BCBBFFFFB,BSCFBBFFFB,BSSFBFFBFFB,BSBFFFFBFFFB
103,,,,SBCBBFB,BCFFBBFB,BCBSBFFFB,BSCFBFBFFB,BSSFBFFFBFB,BSBFFFFFBFFB
104,,,,SBCBFBB,BCFFBFBB,BCBSFBFFB,BSCFBFFBFB,BSSFBFFFFBB,BSBFFFFFFBFB
105,,,,SBCFBBB,BCFFFBBB,BCBSFFBFB,BSCFBFFFBB,BSSFFBBFFFB,BSBFFFFFFFBB
106,,,,SBFBBFB,BFBBSFFB,BCBSFFFBB,BSCFFBBFFB,BSSFFBFBFFB,BSSBBFFFFFFB
107,,,,SBFBFBB,BFBBCFFB,BCBCBFFFB,BSCFFBFBFB,BSSFFBFFBFB,BSSBFBFFFFFB
108,,,,SBFFBBB,BFBBFFFB,BCBCFBFFB,BSCFFBFFBB,BSSFFBFFFBB,BSSBFFBFFFFB
109,,,,SSBBBFB,BFBSBFFB,BCBCFFBFB,BSCFFFBBFB,BSSFFFBBFFB,BSSBFFFBFFFB
110,,,,SSBBFBB,BFBSFBFB,BCBCFFFBB,BSCFFFBFBB,BSSFFFBFBFB,BSSBFFFFBFFB
111,,,,SSBFBBB,BFBSFFBB,BCBFBFFFB,BSCFFFFBBB,BSSFFFBFFBB,BSSBFFFFFBFB
112,,,,SSFBBBB,BFBCBFFB,BCBFFBFFB,BSFBBFFFFB,BSSFFFFBBFB,BSSBFFFFFFBB
113,,,,SCBBBFB,BFBCFBFB,BCBFFFBFB,BSFBFBFFFB,BSSFFFFBFBB,BSSFBBFFFFFB
114,,,,SCBBFBB,BFBCFFBB,BCBFFFFBB,BSFBFFBFFB,BSSFFFFFBBB,BSSFBFBFFFFB
115,,,,SCBFBBB,BFBFBFFB,BCSBBFFFB,BSFBFFFBFB,BSCBBFFFFFB,BSSFBFFBFFFB
116,,,,SCFBBBB,BFBFFBFB,BCSBFBFFB,BSFBFFFFBB,BSCBFBFFFFB,BSSFBFFFBFFB
117,,,,SFBBBFB,BFBFFFBB,BCSBFFBFB,BSFFBBFFFB,BSCBFFBFFFB,BSSFBFFFFBFB
118,,,,SFBBFBB,BFSBBFFB,BCSBFFFBB,BSFFBFBFFB,BSCBFFFBFFB,BSSFBFFFFFBB
119,,,,SFBFBBB,BFSBFBFB,BCSFBBFFB,BSFFBFFBFB,BSCBFFFFBFB,BSSFFBBFFFFB
120,,,,SFFBBBB,BFSBFFBB,BCSFBFBFB,BSFFBFFFBB,BSCBFFFFFBB,BSSFFBFBFFFB
121,,,,CBBBSFB,BFSFBBFB,BCSFBFFBB,BSFFFBBFFB,BSCFBBFFFFB,BSSFFBFFBFFB
122,,,,CBBBCFB,BFSFBFBB,BCSFFBBFB,BSFFFBFBFB,BSCFBFBFFFB,BSSFFBFFFBFB
123,,,,CBBBFFB,BFSFFBBB,BCSFFBFBB,BSFFFBFFBB,BSCFBFFBFFB,BSSFFBFFFFBB
124,,,,CBBSBFB,BFCBBFFB,BCSFFFBBB,BSFFFFBBFB,BSCFBFFFBFB,BSSFFFBBFFFB
125,,,,CBBSFBB,BFCBFBFB,BCCBBFFFB,BSFFFFBFBB,BSCFBFFFFBB,BSSFFFBFBFFB
126,,,,CBBCBFB,BFCBFFBB,BCCBFBFFB,BSFFFFFBBB,BSCFFBBFFFB,BSSFFFBFFBFB
127,,,,CBBCFBB,BFCFBBFB,BCCBFFBFB,BCBBSFFFFB,BSCFFBFBFFB,BSSFFFBFFFBB
128,,,,CBBFBFB,BFCFBFBB,BCCBFFFBB,BCBBCFFFFB,BSCFFBFFBFB,BSSFFFFBBFFB
129,,,,CBBFFBB,BFCFFBBB,BCCFBBFFB,BCBBFFFFFB,BSCFFBFFFBB,BSSFFFFBFBFB
130,,,,CBSBBFB,BFFBBFFB,BCCFBFBFB,BCBSBFFFFB,BSCFFFBBFFB,BSSFFFFBFFBB
131,,,,CBSBFBB,BFFBFBFB,BCCFBFFBB,BCBSFBFFFB,BSCFFFBFBFB,BSSFFFFFBBFB
132,,,,CBSFBBB,BFFBFFBB,BCCFFBBFB,BCBSFFBFFB,BSCFFFBFFBB,BSSFFFFFBFBB
133,,,,CBCBBFB,BFFFBBFB,BCCFFBFBB,BCBSFFFBFB,BSCFFFFBBFB,BSSFFFFFFBBB
134,,,,CBCBFBB,BFFFBFBB,BCCFFFBBB,BCBSFFFFBB,BSCFFFFBFBB,BSCBBFFFFFFB
135,,,,CBCFBBB,BFFFFBBB,BCFBBFFFB,BCBCBFFFFB,BSCFFFFFBBB,BSCBFBFFFFFB
136,,,,CBFBBFB,SBBBSFFB,BCFBFBFFB,BCBCFBFFFB,BSFBBFFFFFB,BSCBFFBFFFFB
137,,,,CBFBFBB,SBBBCFFB,BCFBFFBFB,BCBCFFBFFB,BSFBFBFFFFB,BSCBFFFBFFFB
138,,,,CBFFBBB,SBBBFFFB,BCFBFFFBB,BCBCFFFBFB,BSFBFFBFFFB,BSCBFFFFBFFB
139,,,,CSBBBFB,SBBSBFFB,BCFFBBFFB,BCBCFFFFBB,BSFBFFFBFFB,BSCBFFFFFBFB
140,,,,CSBBFBB,SBBSFBFB,BCFFBFBFB,BCBFBFFFFB,BSFBFFFFBFB,BSCBFFFFFFBB
141,,,,CSBFBBB,SBBSFFBB,BCFFBFFBB,BCBFFBFFFB,BSFBFFFFFBB,BSCFBBFFFFFB
142,,,,CSFBBBB,SBBCBFFB,BCFFFBBFB,BCBFFFBFFB,BSFFBBFFFFB,BSCFBFBFFFFB
143,,,,CCBBBFB,SBBCFBFB,BCFFFBFBB,BCBFFFFBFB,BSFFBFBFFFB,BSCFBFFBFFFB
144,,,,CCBBFBB,SBBCFFBB,BCFFFFBBB,BCBFFFFFBB,BSFFBFFBFFB,BSCFBFFFBFFB
145,,,,CCBFBBB,SBBFBFFB,BFBBSFFFB,BCSBBFFFFB,BSFFBFFFBFB,BSCFBFFFFBFB
146,,,,CCFBBBB,SBBFFBFB,BFBBCFFFB,BCSBFBFFFB,BSFFBFFFFBB,BSCFBFFFFFBB
147,,,,CFBBBFB,SBBFFFBB,BFBBFFFFB,BCSBFFBFFB,BSFFFBBFFFB,BSCFFBBFFFFB
148,,,,CFBBFBB,SBSBBFFB,BFBSBFFFB,BCSBFFFBFB,BSFFFBFBFFB,BSCFFBFBFFFB
149,,,,CFBFBBB,SBSBFBFB,BFBSFBFFB,BCSBFFFFBB,BSFFFBFFBFB,BSCFFBFFBFFB
150,,,,CFFBBBB,SBSBFFBB,BFBSFFBFB,BCSFBBFFFB,BSFFFBFFFBB,BSCFFBFFFBFB
151,,,,FBBBSFB,SBSFBBFB,BFBSFFFBB,BCSFBFBFFB,BSFFFFBBFFB,BSCFFBFFFFBB
152,,,,FBBBCFB,SBSFBFBB,BFBCBFFFB,BCSFBFFBFB,BSFFFFBFBFB,BSCFFFBBFFFB
153,,,,FBBBFFB,SBSFFBBB,BFBCFBFFB,BCSFBFFFBB,BSFFFFBFFBB,BSCFFFBFBFFB
154,,,,FBBSBFB,SBCBBFFB,BFBCFFBFB,BCSFFBBFFB,BSFFFFFBBFB,BSCFFFBFFBFB
155,,,,FBBSFBB,SBCBFBFB,BFBCFFFBB,BCSFFBFBFB,BSFFFFFBFBB,BSCFFFBFFFBB
156,,,,FBBCBFB,SBCBFFBB,BFBFBFFFB,BCSFFBFFBB,BSFFFFFFBBB,BSCFFFFBBFFB
157,,,,FBBCFBB,SBCFBBFB,BFBFFBFFB,BCSFFFBBFB,BCBBSFFFFFB,BSCFFFFBFBFB
158,,,,FBBFBFB,SBCFBFBB,BFBFFFBFB,BCSFFFBFBB,BCBBCFFFFFB,BSCFFFFBFFBB
159,,,,FBBFFBB,SBCFFBBB,BFBFFFFBB,BCSFFFFBBB,BCBBFFFFFFB,BSCFFFFFBBFB
160,,,,FBSBBFB,SBFBBFFB,BFSBBFFFB,BCCBBFFFFB,BCBSBFFFFFB,BSCFFFFFBFBB
161,,,,FBSBFBB,SBFBFBFB,BFSBFBFFB,BCCBFBFFFB,BCBSFBFFFFB,BSCFFFFFFBBB
162,,,,FBSFBBB,SBFBFFBB,BFSBFFBFB,BCCBFFBFFB,BCBSFFBFFFB,BSFBBFFFFFFB
163,,,,FBCBBFB,SBFFBBFB,BFSBFFFBB,BCCBFFFBFB,BCBSFFFBFFB,BSFBFBFFFFFB
164,,,,FBCBFBB,SBFFBFBB,BFSFBBFFB,BCCBFFFFBB,BCBSFFFFBFB,BSFBFFBFFFFB
165,,,,FBCFBBB,SBFFFBBB,BFSFBFBFB,BCCFBBFFFB,BCBSFFFFFBB,BSFBFFFBFFFB
166,,,,FBFBBFB,SSBBBFFB,BFSFBFFBB,BCCFBFBFFB,BCBCBFFFFFB,BSFBFFFFBFFB
167,,,,FBFBFBB,SSBBFBFB,BFSFFBBFB,BCCFBFFBFB,BCBCFBFFFFB,BSFBFFFFFBFB
168,,,,FBFFBBB,SSBBFFBB,BFSFFBFBB,BCCFBFFFBB,BCBCFFBFFFB,BSFBFFFFFFBB
169,,,,FSBBBFB,SSBFBBFB,BFSFFFBBB,BCCFFBBFFB,BCBCFFFBFFB,BSFFBBFFFFFB
170,,,,FSBBFBB,SSBFBFBB,BFCBBFFFB,BCCFFBFBFB,BCBCFFFFBFB,BSFFBFBFFFFB
171,,,,FSBFBBB,SSBFFBBB,BFCBFBFFB,BCCFFBFFBB,BCBCFFFFFBB,BSFFBFFBFFFB
172,,,,FSFBBBB,SSFBBBFB,BFCBFFBFB,BCCFFFBBFB,BCBFBFFFFFB,BSFFBFFFBFFB
173,,,,FCBBBFB,SSFBBFBB,BFCBFFFBB,BCCFFFBFBB,BCBFFBFFFFB,BSFFBFFFFBFB
174,,,,FCBBFBB,SSFBFBBB,BFCFBBFFB,BCCFFFFBBB,BCBFFFBFFFB,BSFFBFFFFFBB
175,,,,FCBFBBB,SSFFBBBB,BFCFBFBFB,BCFBBFFFFB,BCBFFFFBFFB,BSFFFBBFFFFB
176,,,,FCFBBBB,SCBBBFFB,BFCFBFFBB,BCFBFBFFFB,BCBFFFFFBFB,BSFFFBFBFFFB
177,,,,FFBBBFB,SCBBFBFB,BFCFFBBFB,BCFBFFBFFB,BCBFFFFFFBB,BSFFFBFFBFFB
178,,,,FFBBFBB,SCBBFFBB,BFCFFBFBB,BCFBFFFBFB,BCSBBFFFFFB,BSFFFBFFFBFB
179,,,,FFBFBBB,SCBFBBFB,BFCFFFBBB,BCFBFFFFBB,BCSBFBFFFFB,BSFFFBFFFFBB
180,,,,FFFBBBB,SCBFBFBB,BFFBBFFFB,BCFFBBFFFB,BCSBFFBFFFB,BSFFFFBBFFFB
181,,,,,SCBFFBBB,BFFBFBFFB,BCFFBFBFFB,BCSBFFFBFFB,BSFFFFBFBFFB
182,,,,,SCFBBBFB,BFFBFFBFB,BCFFBFFBFB,BCSBFFFFBFB,BSFFFFBFFBFB
183,,,,,SCFBBFBB,BFFBFFFBB,BCFFBFFFBB,BCSBFFFFFBB,BSFFFFBFFFBB
184,,,,,SCFBFBBB,BFFFBBFFB,BCFFFBBFFB,BCSFBBFFFFB,BSFFFFFBBFFB
185,,,,,SCFFBBBB,BFFFBFBFB,BCFFFBFBFB,BCSFBFBFFFB,BSFFFFFBFBFB
186,,,,,SFBBBFFB,BFFFBFFBB,BCFFFBFFBB,BCSFBFFBFFB,BSFFFFFBFFBB
187,,,,,SFBBFBFB,BFFFFBBFB,BCFFFFBBFB,BCSFBFFFBFB,BSFFFFFFBBFB
188,,,,,SFBBFFBB,BFFFFBFBB,BCFFFFBFBB,BCSFBFFFFBB,BSFFFFFFBFBB
189,,,,,SFBFBBFB,BFFFFFBBB,BCFFFFFBBB,BCSFFBBFFFB,BSFFFFFFFBBB
190,,,,,SFBFBFBB,SBBBSFFFB,BFBBSFFFFB,BCSFFBFBFFB,BCBBSFFFFFFB
191,,,,,SFBFFBBB,SBBBCFFFB,BFBBCFFFFB,BCSFFBFFBFB,BCBBCFFFFFFB
192,,,,,SFFBBBFB,SBBBFFFFB,BFBBFFFFFB,BCSFFBFFFBB,BCBBFFFFFFFB
193,,,,,SFFBBFBB,SBBSBFFFB,BFBSBFFFFB,BCSFFFBBFFB,BCBSBFFFFFFB
194,,,,,SFFBFBBB,SBBSFBFFB,BFBSFBFFFB,BCSFFFBFBFB,BCBSFBFFFFFB
195,,,,,SFFFBBBB,SBBSFFBFB,BFBSFFBFFB,BCSFFFBFFBB,BCBSFFBFFFFB
196,,,,,CBBBSFFB,SBBSFFFBB,BFBSFFFBFB,BCSFFFFBBFB,BCBSFFFBFFFB
197,,,,,CBBBCFFB,SBBCBFFFB,BFBSFFFFBB,BCSFFFFBFBB,BCBSFFFFBFFB
198,,,,,CBBBFFFB,SBBCFBFFB,BFBCBFFFFB,BCSFFFFFBBB,BCBSFFFFFBFB
199,,,,,CBBSBFFB,SBBCFFBFB,BFBCFBFFFB,BCCBBFFFFFB,BCBSFFFFFFBB
200,,,,,CBBSFBFB,SBBCFFFBB,BFBCFFBFFB,BCCBFBFFFFB,BCBCBFFFFFFB
201,,,,,CBBSFFBB,SBBFBFFFB,BFBCFFFBFB,BCCBFFBFFFB,BCBCFBFFFFFB
202,,,,,CBBCBFFB,SBBFFBFFB,BFBCFFFFBB,BCCBFFFBFFB,BCBCFFBFFFFB
203,,,,,CBBCFBFB,SBBFFFBFB,BFBFBFFFFB,BCCBFFFFBFB,BCBCFFFBFFFB
204,,,,,CBBCFFBB,SBBFFFFBB,BFBFFBFFFB,BCCBFFFFFBB,BCBCFFFFBFFB
205,,,,,CBBFBFFB,SBSBBFFFB,BFBFFFBFFB,BCCFBBFFFFB,BCBCFFFFFBFB
206,,,,,CBBFFBFB,SBSBFBFFB,BFBFFFFBFB,BCCFBFBFFFB,BCBCFFFFFFBB
207,,,,,CBBFFFBB,SBSBFFBFB,BFBFFFFFBB,BCCFBFFBFFB,BCBFBFFFFFFB
208,,,,,CBSBBFFB,SBSBFFFBB,BFSBBFFFFB,BCCFBFFFBFB,BCBFFBFFFFFB
209,,,,,CBSBFBFB,SBSFBBFFB,BFSBFBFFFB,BCCFBFFFFBB,BCBFFFBFFFFB
210,,,,,CBSBFFBB,SBSFBFBFB,BFSBFFBFFB,BCCFFBBFFFB,BCBFFFFBFFFB
211,,,,,CBSFBBFB,SBSFBFFBB,BFSBFFFBFB,BCCFFBFBFFB,BCBFFFFFBFFB
212,,,,,CBSFBFBB,SBSFFBBFB,BFSBFFFFBB,BCCFFBFFBFB,BCBFFFFFFBFB
213,,,,,CBSFFBBB,SBSFFBFBB,BFSFBBFFFB,BCCFFBFFFBB,BCBFFFFFFFBB
214,,,,,CBCBBFFB,SBSFFFBBB,BFSFBFBFFB,BCCFFFBBFFB,BCSBBFFFFFFB
215,,,,,CBCBFBFB,SBCBBFFFB,BFSFBFFBFB,BCCFFFBFBFB,BCSBFBFFFFFB
216,,,,,CBCBFFBB,SBCBFBFFB,BFSFBFFFBB,BCCFFFBFFBB,BCSBFFBFFFFB
217,,,,,CBCFBBFB,SBCBFFBFB,BFSFFBBFFB,BCCFFFFBBFB,BCSBFFFBFFFB
218,,,,,CBCFBFBB,SBCBFFFBB,BFSFFBFBFB,BCCFFFFBFBB,BCSBFFFFBFFB
219,,,,,CBCFFBBB,SBCFBBFFB,BFSFFBFFBB,BCCFFFFFBBB,BCSBFFFFFBFB
220,,,,,CBFBBFFB,SBCFBFBFB,BFSFFFBBFB,BCFBBFFFFFB,BCSBFFFFFFBB
221,,,,,CBFBFBFB,SBCFBFFBB,BFSFFFBFBB,BCFBFBFFFFB,BCSFBBFFFFFB
222,,,,,CBFBFFBB,SBCFFBBFB,BFSFFFFBBB,BCFBFFBFFFB,BCSFBFBFFFFB
223,,,,,CBFFBBFB,SBCFFBFBB,BFCBBFFFFB,BCFBFFFBFFB,BCSFBFFBFFFB
224,,,,,CBFFBFBB,SBCFFFBBB,BFCBFBFFFB,BCFBFFFFBFB,BCSFBFFFBFFB
225,,,,,CBFFFBBB,SBFBBFFFB,BFCBFFBFFB,BCFBFFFFFBB,BCSFBFFFFBFB
226,,,,,CSBBBFFB,SBFBFBFFB,BFCBFFFBFB,BCFFBBFFFFB,BCSFBFFFFFBB
227,,,,,CSBBFBFB,SBFBFFBFB,BFCBFFFFBB,BCFFBFBFFFB,BCSFFBBFFFFB
228,,,,,CSBBFFBB,SBFBFFFBB,BFCFBBFFFB,BCFFBFFBFFB,BCSFFBFBFFFB
229,,,,,CSBFBBFB,SBFFBBFFB,BFCFBFBFFB,BCFFBFFFBFB,BCSFFBFFBFFB
230,,,,,CSBFBFBB,SBFFBFBFB,BFCFBFFBFB,BCFFBFFFFBB,BCSFFBFFFBFB
231,,,,,CSBFFBBB,SBFFBFFBB,BFCFBFFFBB,BCFFFBBFFFB,BCSFFBFFFFBB
232,,,,,CSFBBBFB,SBFFFBBFB,BFCFFBBFFB,BCFFFBFBFFB,BCSFFFBBFFFB
233,,,,,CSFBBFBB,SBFFFBFBB,BFCFFBFBFB,BCFFFBFFBFB,BCSFFFBFBFFB
234,,,,,CSFBFBBB,SBFFFFBBB,BFCFFBFFBB,BCFFFBFFFBB,BCSFFFBFFBFB
235,,,,,CSFFBBBB,SSBBBFFFB,BFCFFFBBFB,BCFFFFBBFFB,BCSFFFBFFFBB
236,,,,,CCBBBFFB,SSBBFBFFB,BFCFFFBFBB,BCFFFFBFBFB,BCSFFFFBBFFB
237,,,,,CCBBFBFB,SSBBFFBFB,BFCFFFFBBB,BCFFFFBFFBB,BCSFFFFBFBFB
238,,,,,CCBBFFBB,SSBBFFFBB,BFFBBFFFFB,BCFFFFFBBFB,BCSFFFFBFFBB
239,,,,,CCBFBBFB,SSBFBBFFB,BFFBFBFFFB,BCFFFFFBFBB,BCSFFFFFBBFB
240,,,,,CCBFBFBB,SSBFBFBFB,BFFBFFBFFB,BCFFFFFFBBB,BCSFFFFFBFBB
241,,,,,CCBFFBBB,SSBFBFFBB,BFFBFFFBFB,BFBBSFFFFFB,BCSFFFFFFBBB
242,,,,,CCFBBBFB,SSBFFBBFB,BFFBFFFFBB,BFBBCFFFFFB,BCCBBFFFFFFB
243,,,,,CCFBBFBB,SSBFFBFBB,BFFFBBFFFB,BFBBFFFFFFB,BCCBFBFFFFFB
244,,,,,CCFBFBBB,SSBFFFBBB,BFFFBFBFFB,BFBSBFFFFFB,BCCBFFBFFFFB
245,,,,,CCFFBBBB,SSFBBBFFB,BFFFBFFBFB,BFBSFBFFFFB,BCCBFFFBFFFB
246,,,,,CFBBBFFB,SSFBBFBFB,BFFFBFFFBB,BFBSFFBFFFB,BCCBFFFFBFFB
247,,,,,CFBBFBFB,SSFBBFFBB,BFFFFBBFFB,BFBSFFFBFFB,BCCBFFFFFBFB
248,,,,,CFBBFFBB,SSFBFBBFB,BFFFFBFBFB,BFBSFFFFBFB,BCCBFFFFFFBB
249,,,,,CFBFBBFB,SSFBFBFBB,BFFFFBFFBB,BFBSFFFFFBB,BCCFBBFFFFFB
250,,,,,CFBFBFBB,SSFBFFBBB,BFFFFFBBFB,BFBCBFFFFFB,BCCFBFBFFFFB
251,,,,,CFBFFBBB,SSFFBBBFB,BFFFFFBFBB,BFBCFBFFFFB,BCCFBFFBFFFB
252,,,,,CFFBBBFB,SSFFBBFBB,BFFFFFFBBB,BFBCFFBFFFB,BCCFBFFFBFFB
253,,,,,CFFBBFBB,SSFFBFBBB,SBBBSFFFFB,BFBCFFFBFFB,BCCFBFFFFBFB
254,,,,,CFFBFBBB,SSFFFBBBB,SBBBCFFFFB,BFBCFFFFBFB,BCCFBFFFFFBB
255,,,,,CFFFBBBB,SCBBBFFFB,SBBBFFFFFB,BFBCFFFFFBB,BCCFFBBFFFFB
256,,,,,FBBBSFFB,SCBBFBFFB,SBBSBFFFFB,BFBFBFFFFFB,BCCFFBFBFFFB
257,,,,,FBBBCFFB,SCBBFFBFB,SBBSFBFFFB,BFBFFBFFFFB,BCCFFBFFBFFB
258,,,,,FBBBFFFB,SCBBFFFBB,SBBSFFBFFB,BFBFFFBFFFB,BCCFFBFFFBFB
259,,,,,FBBSBFFB,SCBFBBFFB,SBBSFFFBFB,BFBFFFFBFFB,BCCFFBFFFFBB
260,,,,,FBBSFBFB,SCBFBFBFB,SBBSFFFFBB,BFBFFFFFBFB,BCCFFFBBFFFB
261,,,,,FBBSFFBB,SCBFBFFBB,SBBCBFFFFB,BFBFFFFFFBB,BCCFFFBFBFFB
262,,,,,FBBCBFFB,SCBFFBBFB,SBBCFBFFFB,BFSBBFFFFFB,BCCFFFBFFBFB
263,,,,,FBBCFBFB,SCBFFBFBB,SBBCFFBFFB,BFSBFBFFFFB,BCCFFFBFFFBB
264,,,,,FBBCFFBB,SCBFFFBBB,SBBCFFFBFB,BFSBFFBFFFB,BCCFFFFBBFFB
265,,,,,FBBFBFFB,SCFBBBFFB,SBBCFFFFBB,BFSBFFFBFFB,BCCFFFFBFBFB
266,,,,,FBBFFBFB,SCFBBFBFB,SBBFBFFFFB,BFSBFFFFBFB,BCCFFFFBFFBB
267,,,,,FBBFFFBB,SCFBBFFBB,SBBFFBFFFB,BFSBFFFFFBB,BCCFFFFFBBFB
268,,,,,FBSBBFFB,SCFBFBBFB,SBBFFFBFFB,BFSFBBFFFFB,BCCFFFFFBFBB
269,,,,,FBSBFBFB,SCFBFBFBB,SBBFFFFBFB,BFSFBFBFFFB,BCCFFFFFFBBB
270,,,,,FBSBFFBB,SCFBFFBBB,SBBFFFFFBB,BFSFBFFBFFB,BCFBBFFFFFFB
271,,,,,FBSFBBFB,SCFFBBBFB,SBSBBFFFFB,BFSFBFFFBFB,BCFBFBFFFFFB
272,,,,,FBSFBFBB,SCFFBBFBB,SBSBFBFFFB,BFSFBFFFFBB,BCFBFFBFFFFB
273,,,,,FBSFFBBB,SCFFBFBBB,SBSBFFBFFB,BFSFFBBFFFB,BCFBFFFBFFFB
274,,,,,FBCBBFFB,SCFFFBBBB,SBSBFFFBFB,BFSFFBFBFFB,BCFBFFFFBFFB
275,,,,,FBCBFBFB,SFBBBFFFB,SBSBFFFFBB,BFSFFBFFBFB,BCFBFFFFFBFB
276,,,,,FBCBFFBB,SFBBFBFFB,SBSFBBFFFB,BFSFFBFFFBB,BCFBFFFFFFBB
277,,,,,FBCFBBFB,SFBBFFBFB,SBSFBFBFFB,BFSFFFBBFFB,BCFFBBFFFFFB
278,,,,,FBCFBFBB,SFBBFFFBB,SBSFBFFBFB,BFSFFFBFBFB,BCFFBFBFFFFB
279,,,,,FBCFFBBB,SFBFBBFFB,SBSFBFFFBB,BFSFFFBFFBB,BCFFBFFBFFFB
280,,,,,FBFBBFFB,SFBFBFBFB,SBSFFBBFFB,BFSFFFFBBFB,BCFFBFFFBFFB
281,,,,,FBFBFBFB,SFBFBFFBB,SBSFFBFBFB,BFSFFFFBFBB,BCFFBFFFFBFB
282,,,,,FBFBFFBB,SFBFFBBFB,SBSFFBFFBB,BFSFFFFFBBB,BCFFBFFFFFBB
283,,,,,FBFFBBFB,SFBFFBFBB,SBSFFFBBFB,BFCBBFFFFFB,BCFFFBBFFFFB
284,,,,,FBFFBFBB,SFBFFFBBB,SBSFFFBFBB,BFCBFBFFFFB,BCFFFBFBFFFB
285,,,,,FBFFFBBB,SFFBBBFFB,SBSFFFFBBB,BFCBFFBFFFB,BCFFFBFFBFFB
286,,,,,FSBBBFFB,SFFBBFBFB,SBCBBFFFFB,BFCBFFFBFFB,BCFFFBFFFBFB
287,,,,,FSBBFBFB,SFFBBFFBB,SBCBFBFFFB,BFCBFFFFBFB,BCFFFBFFFFBB
288,,,,,FSBBFFBB,SFFBFBBFB,SBCBFFBFFB,BFCBFFFFFBB,BCFFFFBBFFFB
289,,,,,FSBFBBFB,SFFBFBFBB,SBCBFFFBFB,BFCFBBFFFFB,BCFFFFBFBFFB
290,,,,,FSBFBFBB,SFFBFFBBB,SBCBFFFFBB,BFCFBFBFFFB,BCFFFFBFFBFB
291,,,,,FSBFFBBB,SFFFBBBFB,SBCFBBFFFB,BFCFBFFBFFB,BCFFFFBFFFBB
292,,,,,FSFBBBFB,SFFFBBFBB,SBCFBFBFFB,BFCFBFFFBFB,BCFFFFFBBFFB
293,,,,,FSFBBFBB,SFFFBFBBB,SBCFBFFBFB,BFCFBFFFFBB,BCFFFFFBFBFB
294,,,,,FSFBFBBB,SFFFFBBBB,SBCFBFFFBB,BFCFFBBFFFB,BCFFFFFBFFBB
295,,,,,FSFFBBBB,CBBBSFFFB,SBCFFBBFFB,BFCFFBFBFFB,BCFFFFFFBBFB
296,,,,,FCBBBFFB,CBBBCFFFB,SBCFFBFBFB,BFCFFBFFBFB,BCFFFFFFBFBB
297,,,,,FCBBFBFB,CBBBFFFFB,SBCFFBFFBB,BFCFFBFFFBB,BCFFFFFFFBBB
298,,,,,FCBBFFBB,CBBSBFFFB,SBCFFFBBFB,BFCFFFBBFFB,BFBBSFFFFFFB
299,,,,,FCBFBBFB,CBBSFBFFB,SBCFFFBFBB,BFCFFFBFBFB,BFBBCFFFFFFB
300,,,,,FCBFBFBB,CBBSFFBFB,SBCFFFFBBB,BFCFFFBFFBB,BFBBFFFFFFFB
301,,,,,FCBFFBBB,CBBSFFFBB,SBFBBFFFFB,BFCFFFFBBFB,BFBSBFFFFFFB
302,,,,,FCFBBBFB,CBBCBFFFB,SBFBFBFFFB,BFCFFFFBFBB,BFBSFBFFFFFB
303,,,,,FCFBBFBB,CBBCFBFFB,SBFBFFBFFB,BFCFFFFFBBB,BFBSFFBFFFFB
304,,,,,FCFBFBBB,CBBCFFBFB,SBFBFFFBFB,BFFBBFFFFFB,BFBSFFFBFFFB
305,,,,,FCFFBBBB,CBBCFFFBB,SBFBFFFFBB,BFFBFBFFFFB,BFBSFFFFBFFB
306,,,,,FFBBBFFB,CBBFBFFFB,SBFFBBFFFB,BFFBFFBFFFB,BFBSFFFFFBFB
307,,,,,FFBBFBFB,CBBFFBFFB,SBFFBFBFFB,BFFBFFFBFFB,BFBSFFFFFFBB
308,,,,,FFBBFFBB,CBBFFFBFB,SBFFBFFBFB,BFFBFFFFBFB,BFBCBFFFFFFB
309,,,,,FFBFBBFB,CBBFFFFBB,SBFFBFFFBB,BFFBFFFFFBB,BFBCFBFFFFFB
310,,,,,FFBFBFBB,CBSBBFFFB,SBFFFBBFFB,BFFFBBFFFFB,BFBCFFBFFFFB
311,,,,,FFBFFBBB,CBSBFBFFB,SBFFFBFBFB,BFFFBFBFFFB,BFBCFFFBFFFB
312,,,,,FFFBBBFB,CBSBFFBFB,SBFFFBFFBB,BFFFBFFBFFB,BFBCFFFFBFFB
313,,,,,FFFBBFBB,CBSBFFFBB,SBFFFFBBFB,BFFFBFFFBFB,BFBCFFFFFBFB
314,,,,,FFFBFBBB,CBSFBBFFB,SBFFFFBFBB,BFFFBFFFFBB,BFBCFFFFFFBB
315,,,,,FFFFBBBB,CBSFBFBFB,SBFFFFFBBB,BFFFFBBFFFB,BFBFBFFFFFFB
316,,,,,,CBSFBFFBB,SSBBBFFFFB,BFFFFBFBFFB,BFBFFBFFFFFB
317,,,,,,CBSFFBBFB,SSBBFBFFFB,BFFFFBFFBFB,BFBFFFBFFFFB
318,,,,,,CBSFFBFBB,SSBBFFBFFB,BFFFFBFFFBB,BFBFFFFBFFFB
319,,,,,,CBSFFFBBB,SSBBFFFBFB,BFFFFFBBFFB,BFBFFFFFBFFB
320,,,,,,CBCBBFFFB,SSBBFFFFBB,BFFFFFBFBFB,BFBFFFFFFBFB
321,,,,,,CBCBFBFFB,SSBFBBFFFB,BFFFFFBFFBB,BFBFFFFFFFBB
322,,,,,,CBCBFFBFB,SSBFBFBFFB,BFFFFFFBBFB,BFSBBFFFFFFB
323,,,,,,CBCBFFFBB,SSBFBFFBFB,BFFFFFFBFBB,BFSBFBFFFFFB
324,,,,,,CBCFBBFFB,SSBFBFFFBB,BFFFFFFFBBB,BFSBFFBFFFFB
325,,,,,,CBCFBFBFB,SSBFFBBFFB,SBBBSFFFFFB,BFSBFFFBFFFB
326,,,,,,CBCFBFFBB,SSBFFBFBFB,SBBBCFFFFFB,BFSBFFFFBFFB
327,,,,,,CBCFFBBFB,SSBFFBFFBB,SBBBFFFFFFB,BFSBFFFFFBFB
328,,,,,,CBCFFBFBB,SSBFFFBBFB,SBBSBFFFFFB,BFSBFFFFFFBB
329,,,,,,CBCFFFBBB,SSBFFFBFBB,SBBSFBFFFFB,BFSFBBFFFFFB
330,,,,,,CBFBBFFFB,SSBFFFFBBB,SBBSFFBFFFB,BFSFBFBFFFFB
331,,,,,,CBFBFBFFB,SSFBBBFFFB,SBBSFFFBFFB,BFSFBFFBFFFB
332,,,,,,CBFBFFBFB,SSFBBFBFFB,SBBSFFFFBFB,BFSFBFFFBFFB
333,,,,,,CBFBFFFBB,SSFBBFFBFB,SBBSFFFFFBB,BFSFBFFFFBFB
334,,,,,,CBFFBBFFB,SSFBBFFFBB,SBBCBFFFFFB,BFSFBFFFFFBB
335,,,,,,CBFFBFBFB,SSFBFBBFFB,SBBCFBFFFFB,BFSFFBBFFFFB
336,,,,,,CBFFBFFBB,SSFBFBFBFB,SBBCFFBFFFB,BFSFFBFBFFFB
337,,,,,,CBFFFBBFB,SSFBFBFFBB,SBBCFFFBFFB,BFSFFBFFBFFB
338,,,,,,CBFFFBFBB,SSFBFFBBFB,SBBCFFFFBFB,BFSFFBFFFBFB
339,,,,,,CBFFFFBBB,SSFBFFBFBB,SBBCFFFFFBB,BFSFFBFFFFBB
340,,,,,,CSBBBFFFB,SSFBFFFBBB,SBBFBFFFFFB,BFSFFFBBFFFB
341,,,,,,CSBBFBFFB,SSFFBBBFFB,SBBFFBFFFFB,BFSFFFBFBFFB
342,,,,,,CSBBFFBFB,SSFFBBFBFB,SBBFFFBFFFB,BFSFFFBFFBFB
343,,,,,,CSBBFFFBB,SSFFBBFFBB,SBBFFFFBFFB,BFSFFFBFFFBB
344,,,,,,CSBFBBFFB,SSFFBFBBFB,SBBFFFFFBFB,BFSFFFFBBFFB
345,,,,,,CSBFBFBFB,SSFFBFBFBB,SBBFFFFFFBB,BFSFFFFBFBFB
346,,,,,,CSBFBFFBB,SSFFBFFBBB,SBSBBFFFFFB,BFSFFFFBFFBB
347,,,,,,CSBFFBBFB,SSFFFBBBFB,SBSBFBFFFFB,BFSFFFFFBBFB
348,,,,,,CSBFFBFBB,SSFFFBBFBB,SBSBFFBFFFB,BFSFFFFFBFBB
349,,,,,,CSBFFFBBB,SSFFFBFBBB,SBSBFFFBFFB,BFSFFFFFFBBB
350,,,,,,CSFBBBFFB,SSFFFFBBBB,SBSBFFFFBFB,BFCBBFFFFFFB
351,,,,,,CSFBBFBFB,SCBBBFFFFB,SBSBFFFFFBB,BFCBFBFFFFFB
352,,,,,,CSFBBFFBB,SCBBFBFFFB,SBSFBBFFFFB,BFCBFFBFFFFB
353,,,,,,CSFBFBBFB,SCBBFFBFFB,SBSFBFBFFFB,BFCBFFFBFFFB
354,,,,,,CSFBFBFBB,SCBBFFFBFB,SBSFBFFBFFB,BFCBFFFFBFFB
355,,,,,,CSFBFFBBB,SCBBFFFFBB,SBSFBFFFBFB,BFCBFFFFFBFB
356,,,,,,CSFFBBBFB,SCBFBBFFFB,SBSFBFFFFBB,BFCBFFFFFFBB
357,,,,,,CSFFBBFBB,SCBFBFBFFB,SBSFFBBFFFB,BFCFBBFFFFFB
358,,,,,,CSFFBFBBB,SCBFBFFBFB,SBSFFBFBFFB,BFCFBFBFFFFB
359,,,,,,CSFFFBBBB,SCBFBFFFBB,SBSFFBFFBFB,BFCFBFFBFFFB
360,,,,,,CCBBBFFFB,SCBFFBBFFB,SBSFFBFFFBB,BFCFBFFFBFFB
361,,,,,,CCBBFBFFB,SCBFFBFBFB,SBSFFFBBFFB,BFCFBFFFFBFB
362,,,,,,CCBBFFBFB,SCBFFBFFBB,SBSFFFBFBFB,BFCFBFFFFFBB
363,,,,,,CCBBFFFBB,SCBFFFBBFB,SBSFFFBFFBB,BFCFFBBFFFFB
364,,,,,,CCBFBBFFB,SCBFFFBFBB,SBSFFFFBBFB,BFCFFBFBFFFB
365,,,,,,CCBFBFBFB,SCBFFFFBBB,SBSFFFFBFBB,BFCFFBFFBFFB
366,,,,,,CCBFBFFBB,SCFBBBFFFB,SBSFFFFFBBB,BFCFFBFFFBFB
367,,,,,,CCBFFBBFB,SCFBBFBFFB,SBCBBFFFFFB,BFCFFBFFFFBB
368,,,,,,CCBFFBFBB,SCFBBFFBFB,SBCBFBFFFFB,BFCFFFBBFFFB
369,,,,,,CCBFFFBBB,SCFBBFFFBB,SBCBFFBFFFB,BFCFFFBFBFFB
370,,,,,,CCFBBBFFB,SCFBFBBFFB,SBCBFFFBFFB,BFCFFFBFFBFB
371,,,,,,CCFBBFBFB,SCFBFBFBFB,SBCBFFFFBFB,BFCFFFBFFFBB
372,,,,,,CCFBBFFBB,SCFBFBFFBB,SBCBFFFFFBB,BFCFFFFBBFFB
373,,,,,,CCFBFBBFB,SCFBFFBBFB,SBCFBBFFFFB,BFCFFFFBFBFB
374,,,,,,CCFBFBFBB,SCFBFFBFBB,SBCFBFBFFFB,BFCFFFFBFFBB
375,,,,,,CCFBFFBBB,SCFBFFFBBB,SBCFBFFBFFB,BFCFFFFFBBFB
376,,,,,,CCFFBBBFB,SCFFBBBFFB,SBCFBFFFBFB,BFCFFFFFBFBB
377,,,,,,CCFFBBFBB,SCFFBBFBFB,SBCFBFFFFBB,BFCFFFFFFBBB
378,,,,,,CCFFBFBBB,SCFFBBFFBB,SBCFFBBFFFB,BFFBBFFFFFFB
379,,,,,,CCFFFBBBB,SCFFBFBBFB,SBCFFBFBFFB,BFFBFBFFFFFB
380,,,,,,CFBBBFFFB,SCFFBFBFBB,SBCFFBFFBFB,BFFBFFBFFFFB
381,,,,,,CFBBFBFFB,SCFFBFFBBB,SBCFFBFFFBB,BFFBFFFBFFFB
382,,,,,,CFBBFFBFB,SCFFFBBBFB,SBCFFFBBFFB,BFFBFFFFBFFB
383,,,,,,CFBBFFFBB,SCFFFBBFBB,SBCFFFBFBFB,BFFBFFFFFBFB
384,,,,,,CFBFBBFFB,SCFFFBFBBB,SBCFFFBFFBB,BFFBFFFFFFBB
385,,,,,,CFBFBFBFB,SCFFFFBBBB,SBCFFFFBBFB,BFFFBBFFFFFB
386,,,,,,CFBFBFFBB,SFBBBFFFFB,SBCFFFFBFBB,BFFFBFBFFFFB
387,,,,,,CFBFFBBFB,SFBBFBFFFB,SBCFFFFFBBB,BFFFBFFBFFFB
388,,,,,,CFBFFBFBB,SFBBFFBFFB,SBFBBFFFFFB,BFFFBFFFBFFB
389,,,,,,CFBFFFBBB,SFBBFFFBFB,SBFBFBFFFFB,BFFFBFFFFBFB
390,,,,,,CFFBBBFFB,SFBBFFFFBB,SBFBFFBFFFB,BFFFBFFFFFBB
391,,,,,,CFFBBFBFB,SFBFBBFFFB,SBFBFFFBFFB,BFFFFBBFFFFB
392,,,,,,CFFBBFFBB,SFBFBFBFFB,SBFBFFFFBFB,BFFFFBFBFFFB
393,,,,,,CFFBFBBFB,SFBFBFFBFB,SBFBFFFFFBB,BFFFFBFFBFFB
394,,,,,,CFFBFBFBB,SFBFBFFFBB,SBFFBBFFFFB,BFFFFBFFFBFB
395,,,,,,CFFBFFBBB,SFBFFBBFFB,SBFFBFBFFFB,BFFFFBFFFFBB
396,,,,,,CFFFBBBFB,SFBFFBFBFB,SBFFBFFBFFB,BFFFFFBBFFFB
397,,,,,,CFFFBBFBB,SFBFFBFFBB,SBFFBFFFBFB,BFFFFFBFBFFB
398,,,,,,CFFFBFBBB,SFBFFFBBFB,SBFFBFFFFBB,BFFFFFBFFBFB
399,,,,,,CFFFFBBBB,SFBFFFBFBB,SBFFFBBFFFB,BFFFFFBFFFBB
400,,,,,,FBBBSFFFB,SFBFFFFBBB,SBFFFBFBFFB,BFFFFFFBBFFB
401,,,,,,FBBBCFFFB,SFFBBBFFFB,SBFFFBFFBFB,BFFFFFFBFBFB
402,,,,,,FBBBFFFFB,SFFBBFBFFB,SBFFFBFFFBB,BFFFFFFBFFBB
403,,,,,,FBBSBFFFB,SFFBBFFBFB,SBFFFFBBFFB,BFFFFFFFBBFB
404,,,,,,FBBSFBFFB,SFFBBFFFBB,SBFFFFBFBFB,BFFFFFFFBFBB
405,,,,,,FBBSFFBFB,SFFBFBBFFB,SBFFFFBFFBB,BFFFFFFFFBBB
406,,,,,,FBBSFFFBB,SFFBFBFBFB,SBFFFFFBBFB,SBBBSFFFFFFB
407,,,,,,FBBCBFFFB,SFFBFBFFBB,SBFFFFFBFBB,SBBBCFFFFFFB
408,,,,,,FBBCFBFFB,SFFBFFBBFB,SBFFFFFFBBB,SBBBFFFFFFFB
409,,,,,,FBBCFFBFB,SFFBFFBFBB,SSBBBFFFFFB,SBBSBFFFFFFB
410,,,,,,FBBCFFFBB,SFFBFFFBBB,SSBBFBFFFFB,SBBSFBFFFFFB
411,,,,,,FBBFBFFFB,SFFFBBBFFB,SSBBFFBFFFB,SBBSFFBFFFFB
412,,,,,,FBBFFBFFB,SFFFBBFBFB,SSBBFFFBFFB,SBBSFFFBFFFB
413,,,,,,FBBFFFBFB,SFFFBBFFBB,SSBBFFFFBFB,SBBSFFFFBFFB
414,,,,,,FBBFFFFBB,SFFFBFBBFB,SSBBFFFFFBB,SBBSFFFFFBFB
415,,,,,,FBSBBFFFB,SFFFBFBFBB,SSBFBBFFFFB,SBBSFFFFFFBB
416,,,,,,FBSBFBFFB,SFFFBFFBBB,SSBFBFBFFFB,SBBCBFFFFFFB
417,,,,,,FBSBFFBFB,SFFFFBBBFB,SSBFBFFBFFB,SBBCFBFFFFFB
418,,,,,,FBSBFFFBB,SFFFFBBFBB,SSBFBFFFBFB,SBBCFFBFFFFB
419,,,,,,FBSFBBFFB,SFFFFBFBBB,SSBFBFFFFBB,SBBCFFFBFFFB
420,,,,,,FBSFBFBFB,SFFFFFBBBB,SSBFFBBFFFB,SBBCFFFFBFFB
421,,,,,,FBSFBFFBB,CBBBSFFFFB,SSBFFBFBFFB,SBBCFFFFFBFB
422,,,,,,FBSFFBBFB,CBBBCFFFFB,SSBFFBFFBFB,SBBCFFFFFFBB
423,,,,,,FBSFFBFBB,CBBBFFFFFB,SSBFFBFFFBB,SBBFBFFFFFFB
424,,,,,,FBSFFFBBB,CBBSBFFFFB,SSBFFFBBFFB,SBBFFBFFFFFB
425,,,,,,FBCBBFFFB,CBBSFBFFFB,SSBFFFBFBFB,SBBFFFBFFFFB
426,,,,,,FBCBFBFFB,CBBSFFBFFB,SSBFFFBFFBB,SBBFFFFBFFFB
427,,,,,,FBCBFFBFB,CBBSFFFBFB,SSBFFFFBBFB,SBBFFFFFBFFB
428,,,,,,FBCBFFFBB,CBBSFFFFBB,SSBFFFFBFBB,SBBFFFFFFBFB
429,,,,,,FBCFBBFFB,CBBCBFFFFB,SSBFFFFFBBB,SBBFFFFFFFBB
430,,,,,,FBCFBFBFB,CBBCFBFFFB,SSFBBBFFFFB,SBSBBFFFFFFB
431,,,,,,FBCFBFFBB,CBBCFFBFFB,SSFBBFBFFFB,SBSBFBFFFFFB
432,,,,,,FBCFFBBFB,CBBCFFFBFB,SSFBBFFBFFB,SBSBFFBFFFFB
433,,,,,,FBCFFBFBB,CBBCFFFFBB,SSFBBFFFBFB,SBSBFFFBFFFB
434,,,,,,FBCFFFBBB,CBBFBFFFFB,SSFBBFFFFBB,SBSBFFFFBFFB
435,,,,,,FBFBBFFFB,CBBFFBFFFB,SSFBFBBFFFB,SBSBFFFFFBFB
436,,,,,,FBFBFBFFB,CBBFFFBFFB,SSFBFBFBFFB,SBSBFFFFFFBB
437,,,,,,FBFBFFBFB,CBBFFFFBFB,SSFBFBFFBFB,SBSFBBFFFFFB
438,,,,,,FBFBFFFBB,CBBFFFFFBB,SSFBFBFFFBB,SBSFBFBFFFFB
439,,,,,,FBFFBBFFB,CBSBBFFFFB,SSFBFFBBFFB,SBSFBFFBFFFB
440,,,,,,FBFFBFBFB,CBSBFBFFFB,SSFBFFBFBFB,SBSFBFFFBFFB
441,,,,,,FBFFBFFBB,CBSBFFBFFB,SSFBFFBFFBB,SBSFBFFFFBFB
442,,,,,,FBFFFBBFB,CBSBFFFBFB,SSFBFFFBBFB,SBSFBFFFFFBB
443,,,,,,FBFFFBFBB,CBSBFFFFBB,SSFBFFFBFBB,SBSFFBBFFFFB
444,,,,,,FBFFFFBBB,CBSFBBFFFB,SSFBFFFFBBB,SBSFFBFBFFFB
445,,,,,,FSBBBFFFB,CBSFBFBFFB,SSFFBBBFFFB,SBSFFBFFBFFB
446,,,,,,FSBBFBFFB,CBSFBFFBFB,SSFFBBFBFFB,SBSFFBFFFBFB
447,,,,,,FSBBFFBFB,CBSFBFFFBB,SSFFBBFFBFB,SBSFFBFFFFBB
448,,,,,,FSBBFFFBB,CBSFFBBFFB,SSFFBBFFFBB,SBSFFFBBFFFB
449,,,,,,FSBFBBFFB,CBSFFBFBFB,SSFFBFBBFFB,SBSFFFBFBFFB
450,,,,,,FSBFBFBFB,CBSFFBFFBB,SSFFBFBFBFB,SBSFFFBFFBFB
451,,,,,,FSBFBFFBB,CBSFFFBBFB,SSFFBFBFFBB,SBSFFFBFFFBB
452,,,,,,FSBFFBBFB,CBSFFFBFBB,SSFFBFFBBFB,SBSFFFFBBFFB
453,,,,,,FSBFFBFBB,CBSFFFFBBB,SSFFBFFBFBB,SBSFFFFBFBFB
454,,,,,,FSBFFFBBB,CBCBBFFFFB,SSFFBFFFBBB,SBSFFFFBFFBB
455,,,,,,FSFBBBFFB,CBCBFBFFFB,SSFFFBBBFFB,SBSFFFFFBBFB
456,,,,,,FSFBBFBFB,CBCBFFBFFB,SSFFFBBFBFB,SBSFFFFFBFBB
457,,,,,,FSFBBFFBB,CBCBFFFBFB,SSFFFBBFFBB,SBSFFFFFFBBB
458,,,,,,FSFBFBBFB,CBCBFFFFBB,SSFFFBFBBFB,SBCBBFFFFFFB
459,,,,,,FSFBFBFBB,CBCFBBFFFB,SSFFFBFBFBB,SBCBFBFFFFFB
460,,,,,,FSFBFFBBB,CBCFBFBFFB,SSFFFBFFBBB,SBCBFFBFFFFB
461,,,,,,FSFFBBBFB,CBCFBFFBFB,SSFFFFBBBFB,SBCBFFFBFFFB
462,,,,,,FSFFBBFBB,CBCFBFFFBB,SSFFFFBBFBB,SBCBFFFFBFFB
463,,,,,,FSFFBFBBB,CBCFFBBFFB,SSFFFFBFBBB,SBCBFFFFFBFB
464,,,,,,FSFFFBBBB,CBCFFBFBFB,SSFFFFFBBBB,SBCBFFFFFFBB
465,,,,,,FCBBBFFFB,CBCFFBFFBB,SCBBBFFFFFB,SBCFBBFFFFFB
466,,,,,,FCBBFBFFB,CBCFFFBBFB,SCBBFBFFFFB,SBCFBFBFFFFB
467,,,,,,FCBBFFBFB,CBCFFFBFBB,SCBBFFBFFFB,SBCFBFFBFFFB
468,,,,,,FCBBFFFBB,CBCFFFFBBB,SCBBFFFBFFB,SBCFBFFFBFFB
469,,,,,,FCBFBBFFB,CBFBBFFFFB,SCBBFFFFBFB,SBCFBFFFFBFB
470,,,,,,FCBFBFBFB,CBFBFBFFFB,SCBBFFFFFBB,SBCFBFFFFFBB
471,,,,,,FCBFBFFBB,CBFBFFBFFB,SCBFBBFFFFB,SBCFFBBFFFFB
472,,,,,,FCBFFBBFB,CBFBFFFBFB,SCBFBFBFFFB,SBCFFBFBFFFB
473,,,,,,FCBFFBFBB,CBFBFFFFBB,SCBFBFFBFFB,SBCFFBFFBFFB
474,,,,,,FCBFFFBBB,CBFFBBFFFB,SCBFBFFFBFB,SBCFFBFFFBFB
475,,,,,,FCFBBBFFB,CBFFBFBFFB,SCBFBFFFFBB,SBCFFBFFFFBB
476,,,,,,FCFBBFBFB,CBFFBFFBFB,SCBFFBBFFFB,SBCFFFBBFFFB
477,,,,,,FCFBBFFBB,CBFFBFFFBB,SCBFFBFBFFB,SBCFFFBFBFFB
478,,,,,,FCFBFBBFB,CBFFFBBFFB,SCBFFBFFBFB,SBCFFFBFFBFB
479,,,,,,FCFBFBFBB,CBFFFBFBFB,SCBFFBFFFBB,SBCFFFBFFFBB
480,,,,,,FCFBFFBBB,CBFFFBFFBB,SCBFFFBBFFB,SBCFFFFBBFFB
481,,,,,,FCFFBBBFB,CBFFFFBBFB,SCBFFFBFBFB,SBCFFFFBFBFB
482,,,,,,FCFFBBFBB,CBFFFFBFBB,SCBFFFBFFBB,SBCFFFFBFFBB
483,,,,,,FCFFBFBBB,CBFFFFFBBB,SCBFFFFBBFB,SBCFFFFFBBFB
484,,,,,,FCFFFBBBB,CSBBBFFFFB,SCBFFFFBFBB,SBCFFFFFBFBB
485,,,,,,FFBBBFFFB,CSBBFBFFFB,SCBFFFFFBBB,SBCFFFFFFBBB
486,,,,,,FFBBFBFFB,CSBBFFBFFB,SCFBBBFFFFB,SBFBBFFFFFFB
487,,,,,,FFBBFFBFB,CSBBFFFBFB,SCFBBFBFFFB,SBFBFBFFFFFB
488,,,,,,FFBBFFFBB,CSBBFFFFBB,SCFBBFFBFFB,SBFBFFBFFFFB
489,,,,,,FFBFBBFFB,CSBFBBFFFB,SCFBBFFFBFB,SBFBFFFBFFFB
490,,,,,,FFBFBFBFB,CSBFBFBFFB,SCFBBFFFFBB,SBFBFFFFBFFB
491,,,,,,FFBFBFFBB,CSBFBFFBFB,SCFBFBBFFFB,SBFBFFFFFBFB
492,,,,,,FFBFFBBFB,CSBFBFFFBB,SCFBFBFBFFB,SBFBFFFFFFBB
493,,,,,,FFBFFBFBB,CSBFFBBFFB,SCFBFBFFBFB,SBFFBBFFFFFB
494,,,,,,FFBFFFBBB,CSBFFBFBFB,SCFBFBFFFBB,SBFFBFBFFFFB
495,,,,,,FFFBBBFFB,CSBFFBFFBB,SCFBFFBBFFB,SBFFBFFBFFFB
496,,,,,,FFFBBFBFB,CSBFFFBBFB,SCFBFFBFBFB,SBFFBFFFBFFB
497,,,,,,FFFBBFFBB,CSBFFFBFBB,SCFBFFBFFBB,SBFFBFFFFBFB
498,,,,,,FFFBFBBFB,CSBFFFFBBB,SCFBFFFBBFB,SBFFBFFFFFBB
499,,,,,,FFFBFBFBB,CSFBBBFFFB,SCFBFFFBFBB,SBFFFBBFFFFB
500,,,,,,FFFBFFBBB,CSFBBFBFFB,SCFBFFFFBBB,SBFFFBFBFFFB
501,,,,,,FFFFBBBFB,CSFBBFFBFB,SCFFBBBFFFB,SBFFFBFFBFFB
502,,,,,,FFFFBBFBB,CSFBBFFFBB,SCFFBBFBFFB,SBFFFBFFFBFB
503,,,,,,FFFFBFBBB,CSFBFBBFFB,SCFFBBFFBFB,SBFFFBFFFFBB
504,,,,,,FFFFFBBBB,CSFBFBFBFB,SCFFBBFFFBB,SBFFFFBBFFFB
505,,,,,,,CSFBFBFFBB,SCFFBFBBFFB,SBFFFFBFBFFB
506,,,,,,,CSFBFFBBFB,SCFFBFBFBFB,SBFFFFBFFBFB
507,,,,,,,CSFBFFBFBB,SCFFBFBFFBB,SBFFFFBFFFBB
508,,,,,,,CSFBFFFBBB,SCFFBFFBBFB,SBFFFFFBBFFB
509,,,,,,,CSFFBBBFFB,SCFFBFFBFBB,SBFFFFFBFBFB
510,,,,,,,CSFFBBFBFB,SCFFBFFFBBB,SBFFFFFBFFBB
511,,,,,,,CSFFBBFFBB,SCFFFBBBFFB,SBFFFFFFBBFB
512,,,,,,,CSFFBFBBFB,SCFFFBBFBFB,SBFFFFFFBFBB
513,,,,,,,CSFFBFBFBB,SCFFFBBFFBB,SBFFFFFFFBBB
514,,,,,,,CSFFBFFBBB,SCFFFBFBBFB,SSBBBFFFFFFB
515,,,,,,,CSFFFBBBFB,SCFFFBFBFBB,SSBBFBFFFFFB
516,,,,,,,CSFFFBBFBB,SCFFFBFFBBB,SSBBFFBFFFFB
517,,,,,,,CSFFFBFBBB,SCFFFFBBBFB,SSBBFFFBFFFB
518,,,,,,,CSFFFFBBBB,SCFFFFBBFBB,SSBBFFFFBFFB
519,,,,,,,CCBBBFFFFB,SCFFFFBFBBB,SSBBFFFFFBFB
520,,,,,,,CCBBFBFFFB,SCFFFFFBBBB,SSBBFFFFFFBB
521,,,,,,,CCBBFFBFFB,SFBBBFFFFFB,SSBFBBFFFFFB
522,,,,,,,CCBBFFFBFB,SFBBFBFFFFB,SSBFBFBFFFFB
523,,,,,,,CCBBFFFFBB,SFBBFFBFFFB,SSBFBFFBFFFB
524,,,,,,,CCBFBBFFFB,SFBBFFFBFFB,SSBFBFFFBFFB
525,,,,,,,CCBFBFBFFB,SFBBFFFFBFB,SSBFBFFFFBFB
526,,,,,,,CCBFBFFBFB,SFBBFFFFFBB,SSBFBFFFFFBB
527,,,,,,,CCBFBFFFBB,SFBFBBFFFFB,SSBFFBBFFFFB
528,,,,,,,CCBFFBBFFB,SFBFBFBFFFB,SSBFFBFBFFFB
529,,,,,,,CCBFFBFBFB,SFBFBFFBFFB,SSBFFBFFBFFB
530,,,,,,,CCBFFBFFBB,SFBFBFFFBFB,SSBFFBFFFBFB
531,,,,,,,CCBFFFBBFB,SFBFBFFFFBB,SSBFFBFFFFBB
532,,,,,,,CCBFFFBFBB,SFBFFBBFFFB,SSBFFFBBFFFB
533,,,,,,,CCBFFFFBBB,SFBFFBFBFFB,SSBFFFBFBFFB
534,,,,,,,CCFBBBFFFB,SFBFFBFFBFB,SSBFFFBFFBFB
535,,,,,,,CCFBBFBFFB,SFBFFBFFFBB,SSBFFFBFFFBB
536,,,,,,,CCFBBFFBFB,SFBFFFBBFFB,SSBFFFFBBFFB
537,,,,,,,CCFBBFFFBB,SFBFFFBFBFB,SSBFFFFBFBFB
538,,,,,,,CCFBFBBFFB,SFBFFFBFFBB,SSBFFFFBFFBB
539,,,,,,,CCFBFBFBFB,SFBFFFFBBFB,SSBFFFFFBBFB
540,,,,,,,CCFBFBFFBB,SFBFFFFBFBB,SSBFFFFFBFBB
541,,,,,,,CCFBFFBBFB,SFBFFFFFBBB,SSBFFFFFFBBB
542,,,,,,,CCFBFFBFBB,SFFBBBFFFFB,SSFBBBFFFFFB
543,,,,,,,CCFBFFFBBB,SFFBBFBFFFB,SSFBBFBFFFFB
544,,,,,,,CCFFBBBFFB,SFFBBFFBFFB,SSFBBFFBFFFB
545,,,,,,,CCFFBBFBFB,SFFBBFFFBFB,SSFBBFFFBFFB
546,,,,,,,CCFFBBFFBB,SFFBBFFFFBB,SSFBBFFFFBFB
547,,,,,,,CCFFBFBBFB,SFFBFBBFFFB,SSFBBFFFFFBB
548,,,,,,,CCFFBFBFBB,SFFBFBFBFFB,SSFBFBBFFFFB
549,,,,,,,CCFFBFFBBB,SFFBFBFFBFB,SSFBFBFBFFFB
550,,,,,,,CCFFFBBBFB,SFFBFBFFFBB,SSFBFBFFBFFB
551,,,,,,,CCFFFBBFBB,SFFBFFBBFFB,SSFBFBFFFBFB
552,,,,,,,CCFFFBFBBB,SFFBFFBFBFB,SSFBFBFFFFBB
553,,,,,,,CCFFFFBBBB,SFFBFFBFFBB,SSFBFFBBFFFB
554,,,,,,,CFBBBFFFFB,SFFBFFFBBFB,SSFBFFBFBFFB
555,,,,,,,CFBBFBFFFB,SFFBFFFBFBB,SSFBFFBFFBFB
556,,,,,,,CFBBFFBFFB,SFFBFFFFBBB,SSFBFFBFFFBB
557,,,,,,,CFBBFFFBFB,SFFFBBBFFFB,SSFBFFFBBFFB
558,,,,,,,CFBBFFFFBB,SFFFBBFBFFB,SSFBFFFBFBFB
559,,,,,,,CFBFBBFFFB,SFFFBBFFBFB,SSFBFFFBFFBB
560,,,,,,,CFBFBFBFFB,SFFFBBFFFBB,SSFBFFFFBBFB
561,,,,,,,CFBFBFFBFB,SFFFBFBBFFB,SSFBFFFFBFBB
562,,,,,,,CFBFBFFFBB,SFFFBFBFBFB,SSFBFFFFFBBB
563,,,,,,,CFBFFBBFFB,SFFFBFBFFBB,SSFFBBBFFFFB
564,,,,,,,CFBFFBFBFB,SFFFBFFBBFB,SSFFBBFBFFFB
565,,,,,,,CFBFFBFFBB,SFFFBFFBFBB,SSFFBBFFBFFB
566,,,,,,,CFBFFFBBFB,SFFFBFFFBBB,SSFFBBFFFBFB
567,,,,,,,CFBFFFBFBB,SFFFFBBBFFB,SSFFBBFFFFBB
568,,,,,,,CFBFFFFBBB,SFFFFBBFBFB,SSFFBFBBFFFB
569,,,,,,,CFFBBBFFFB,SFFFFBBFFBB,SSFFBFBFBFFB
570,,,,,,,CFFBBFBFFB,SFFFFBFBBFB,SSFFBFBFFBFB
571,,,,,,,CFFBBFFBFB,SFFFFBFBFBB,SSFFBFBFFFBB
572,,,,,,,CFFBBFFFBB,SFFFFBFFBBB,SSFFBFFBBFFB
573,,,,,,,CFFBFBBFFB,SFFFFFBBBFB,SSFFBFFBFBFB
574,,,,,,,CFFBFBFBFB,SFFFFFBBFBB,SSFFBFFBFFBB
575,,,,,,,CFFBFBFFBB,SFFFFFBFBBB,SSFFBFFFBBFB
576,,,,,,,CFFBFFBBFB,SFFFFFFBBBB,SSFFBFFFBFBB
577,,,,,,,CFFBFFBFBB,CBBBSFFFFFB,SSFFBFFFFBBB
578,,,,,,,CFFBFFFBBB,CBBBCFFFFFB,SSFFFBBBFFFB
579,,,,,,,CFFFBBBFFB,CBBBFFFFFFB,SSFFFBBFBFFB
580,,,,,,,CFFFBBFBFB,CBBSBFFFFFB,SSFFFBBFFBFB
581,,,,,,,CFFFBBFFBB,CBBSFBFFFFB,SSFFFBBFFFBB
582,,,,,,,CFFFBFBBFB,CBBSFFBFFFB,SSFFFBFBBFFB
583,,,,,,,CFFFBFBFBB,CBBSFFFBFFB,SSFFFBFBFBFB
584,,,,,,,CFFFBFFBBB,CBBSFFFFBFB,SSFFFBFBFFBB
585,,,,,,,CFFFFBBBFB,CBBSFFFFFBB,SSFFFBFFBBFB
586,,,,,,,CFFFFBBFBB,CBBCBFFFFFB,SSFFFBFFBFBB
587,,,,,,,CFFFFBFBBB,CBBCFBFFFFB,SSFFFBFFFBBB
588,,,,,,,CFFFFFBBBB,CBBCFFBFFFB,SSFFFFBBBFFB
589,,,,,,,FBBBSFFFFB,CBBCFFFBFFB,SSFFFFBBFBFB
590,,,,,,,FBBBCFFFFB,CBBCFFFFBFB,SSFFFFBBFFBB
591,,,,,,,FBBBFFFFFB,CBBCFFFFFBB,SSFFFFBFBBFB
592,,,,,,,FBBSBFFFFB,CBBFBFFFFFB,SSFFFFBFBFBB
593,,,,,,,FBBSFBFFFB,CBBFFBFFFFB,SSFFFFBFFBBB
594,,,,,,,FBBSFFBFFB,CBBFFFBFFFB,SSFFFFFBBBFB
595,,,,,,,FBBSFFFBFB,CBBFFFFBFFB,SSFFFFFBBFBB
596,,,,,,,FBBSFFFFBB,CBBFFFFFBFB,SSFFFFFBFBBB
597,,,,,,,FBBCBFFFFB,CBBFFFFFFBB,SSFFFFFFBBBB
598,,,,,,,FBBCFBFFFB,CBSBBFFFFFB,SCBBBFFFFFFB
599,,,,,,,FBBCFFBFFB,CBSBFBFFFFB,SCBBFBFFFFFB
600,,,,,,,FBBCFFFBFB,CBSBFFBFFFB,SCBBFFBFFFFB
601,,,,,,,FBBCFFFFBB,CBSBFFFBFFB,SCBBFFFBFFFB
602,,,,,,,FBBFBFFFFB,CBSBFFFFBFB,SCBBFFFFBFFB
603,,,,,,,FBBFFBFFFB,CBSBFFFFFBB,SCBBFFFFFBFB
604,,,,,,,FBBFFFBFFB,CBSFBBFFFFB,SCBBFFFFFFBB
605,,,,,,,FBBFFFFBFB,CBSFBFBFFFB,SCBFBBFFFFFB
606,,,,,,,FBBFFFFFBB,CBSFBFFBFFB,SCBFBFBFFFFB
607,,,,,,,FBSBBFFFFB,CBSFBFFFBFB,SCBFBFFBFFFB
608,,,,,,,FBSBFBFFFB,CBSFBFFFFBB,SCBFBFFFBFFB
609,,,,,,,FBSBFFBFFB,CBSFFBBFFFB,SCBFBFFFFBFB
610,,,,,,,FBSBFFFBFB,CBSFFBFBFFB,SCBFBFFFFFBB
611,,,,,,,FBSBFFFFBB,CBSFFBFFBFB,SCBFFBBFFFFB
612,,,,,,,FBSFBBFFFB,CBSFFBFFFBB,SCBFFBFBFFFB
613,,,,,,,FBSFBFBFFB,CBSFFFBBFFB,SCBFFBFFBFFB
614,,,,,,,FBSFBFFBFB,CBSFFFBFBFB,SCBFFBFFFBFB
615,,,,,,,FBSFBFFFBB,CBSFFFBFFBB,SCBFFBFFFFBB
616,,,,,,,FBSFFBBFFB,CBSFFFFBBFB,SCBFFFBBFFFB
617,,,,,,,FBSFFBFBFB,CBSFFFFBFBB,SCBFFFBFBFFB
618,,,,,,,FBSFFBFFBB,CBSFFFFFBBB,SCBFFFBFFBFB
619,,,,,,,FBSFFFBBFB,CBCBBFFFFFB,SCBFFFBFFFBB
620,,,,,,,FBSFFFBFBB,CBCBFBFFFFB,SCBFFFFBBFFB
621,,,,,,,FBSFFFFBBB,CBCBFFBFFFB,SCBFFFFBFBFB
622,,,,,,,FBCBBFFFFB,CBCBFFFBFFB,SCBFFFFBFFBB
623,,,,,,,FBCBFBFFFB,CBCBFFFFBFB,SCBFFFFFBBFB
624,,,,,,,FBCBFFBFFB,CBCBFFFFFBB,SCBFFFFFBFBB
625,,,,,,,FBCBFFFBFB,CBCFBBFFFFB,SCBFFFFFFBBB
626,,,,,,,FBCBFFFFBB,CBCFBFBFFFB,SCFBBBFFFFFB
627,,,,,,,FBCFBBFFFB,CBCFBFFBFFB,SCFBBFBFFFFB
628,,,,,,,FBCFBFBFFB,CBCFBFFFBFB,SCFBBFFBFFFB
629,,,,,,,FBCFBFFBFB,CBCFBFFFFBB,SCFBBFFFBFFB
630,,,,,,,FBCFBFFFBB,CBCFFBBFFFB,SCFBBFFFFBFB
631,,,,,,,FBCFFBBFFB,CBCFFBFBFFB,SCFBBFFFFFBB
632,,,,,,,FBCFFBFBFB,CBCFFBFFBFB,SCFBFBBFFFFB
633,,,,,,,FBCFFBFFBB,CBCFFBFFFBB,SCFBFBFBFFFB
634,,,,,,,FBCFFFBBFB,CBCFFFBBFFB,SCFBFBFFBFFB
635,,,,,,,FBCFFFBFBB,CBCFFFBFBFB,SCFBFBFFFBFB
636,,,,,,,FBCFFFFBBB,CBCFFFBFFBB,SCFBFBFFFFBB
637,,,,,,,FBFBBFFFFB,CBCFFFFBBFB,SCFBFFBBFFFB
638,,,,,,,FBFBFBFFFB,CBCFFFFBFBB,SCFBFFBFBFFB
639,,,,,,,FBFBFFBFFB,CBCFFFFFBBB,SCFBFFBFFBFB
640,,,,,,,FBFBFFFBFB,CBFBBFFFFFB,SCFBFFBFFFBB
641,,,,,,,FBFBFFFFBB,CBFBFBFFFFB,SCFBFFFBBFFB
642,,,,,,,FBFFBBFFFB,CBFBFFBFFFB,SCFBFFFBFBFB
643,,,,,,,FBFFBFBFFB,CBFBFFFBFFB,SCFBFFFBFFBB
644,,,,,,,FBFFBFFBFB,CBFBFFFFBFB,SCFBFFFFBBFB
645,,,,,,,FBFFBFFFBB,CBFBFFFFFBB,SCFBFFFFBFBB
646,,,,,,,FBFFFBBFFB,CBFFBBFFFFB,SCFBFFFFFBBB
647,,,,,,,FBFFFBFBFB,CBFFBFBFFFB,SCFFBBBFFFFB
648,,,,,,,FBFFFBFFBB,CBFFBFFBFFB,SCFFBBFBFFFB
649,,,,,,,FBFFFFBBFB,CBFFBFFFBFB,SCFFBBFFBFFB
650,,,,,,,FBFFFFBFBB,CBFFBFFFFBB,SCFFBBFFFBFB
651,,,,,,,FBFFFFFBBB,CBFFFBBFFFB,SCFFBBFFFFBB
652,,,,,,,FSBBBFFFFB,CBFFFBFBFFB,SCFFBFBBFFFB
,,,,,,,FSBBFBFFFB,CBFFFBFFBFB,SCFFBFBFBFFB
,,,,,,,FSBBFFBFFB,CBFFFBFFFBB,SCFFBFBFFBFB
,,,,,,,FSBBFFFBFB,CBFFFFBBFFB,SCFFBFBFFFBB
,,,,,,,FSBBFFFFBB,CBFFFFBFBFB,SCFFBFFBBFFB
,,,,,,,FSBFBBFFFB,CBFFFFBFFBB,SCFFBFFBFBFB
,,,,,,,FSBFBFBFFB,CBFFFFFBBFB,SCFFBFFBFFBB
,,,,,,,FSBFBFFBFB,CBFFFFFBFBB,SCFFBFFFBBFB
,,,,,,,FSBFBFFFBB,CBFFFFFFBBB,SCFFBFFFBFBB
,,,,,,,FSBFFBBFFB,CSBBBFFFFFB,SCFFBFFFFBBB
,,,,,,,FSBFFBFBFB,CSBBFBFFFFB,SCFFFBBBFFFB
,,,,,,,FSBFFBFFBB,CSBBFFBFFFB,SCFFFBBFBFFB
,,,,,,,FSBFFFBBFB,CSBBFFFBFFB,SCFFFBBFFBFB
,,,,,,,FSBFFFBFBB,CSBBFFFFBFB,SCFFFBBFFFBB
,,,,,,,FSBFFFFBBB,CSBBFFFFFBB,SCFFFBFBBFFB
,,,,,,,FSFBBBFFFB,CSBFBBFFFFB,SCFFFBFBFBFB
,,,,,,,FSFBBFBFFB,CSBFBFBFFFB,SCFFFBFBFFBB
,,,,,,,FSFBBFFBFB,CSBFBFFBFFB,SCFFFBFFBBFB
,,,,,,,FSFBBFFFBB,CSBFBFFFBFB,SCFFFBFFBFBB
,,,,,,,FSFBFBBFFB,CSBFBFFFFBB,SCFFFBFFFBBB
,,,,,,,FSFBFBFBFB,CSBFFBBFFFB,SCFFFFBBBFFB
,,,,,,,FSFBFBFFBB,CSBFFBFBFFB,SCFFFFBBFBFB
,,,,,,,FSFBFFBBFB,CSBFFBFFBFB,SCFFFFBBFFBB
,,,,,,,FSFBFFBFBB,CSBFFBFFFBB,SCFFFFBFBBFB
,,,,,,,FSFBFFFBBB,CSBFFFBBFFB,SCFFFFBFBFBB
,,,,,,,FSFFBBBFFB,CSBFFFBFBFB,SCFFFFBFFBBB
,,,,,,,FSFFBBFBFB,CSBFFFBFFBB,SCFFFFFBBBFB
,,,,,,,FSFFBBFFBB,CSBFFFFBBFB,SCFFFFFBBFBB
,,,,,,,FSFFBFBBFB,CSBFFFFBFBB,SCFFFFFBFBBB
,,,,,,,FSFFBFBFBB,CSBFFFFFBBB,SCFFFFFFBBBB
,,,,,,,FSFFBFFBBB,CSFBBBFFFFB,SFBBBFFFFFFB
,,,,,,,FSFFFBBBFB,CSFBBFBFFFB,SFBBFBFFFFFB
,,,,,,,FSFFFBBFBB,CSFBBFFBFFB,SFBBFFBFFFFB
,,,,,,,FSFFFBFBBB,CSFBBFFFBFB,SFBBFFFBFFFB
,,,,,,,FSFFFFBBBB,CSFBBFFFFBB,SFBBFFFFBFFB
,,,,,,,FCBBBFFFFB,CSFBFBBFFFB,SFBBFFFFFBFB
,,,,,,,FCBBFBFFFB,CSFBFBFBFFB,SFBBFFFFFFBB
,,,,,,,FCBBFFBFFB,CSFBFBFFBFB,SFBFBBFFFFFB
,,,,,,,FCBBFFFBFB,CSFBFBFFFBB,SFBFBFBFFFFB
,,,,,,,FCBBFFFFBB,CSFBFFBBFFB,SFBFBFFBFFFB
,,,,,,,FCBFBBFFFB,CSFBFFBFBFB,SFBFBFFFBFFB
,,,,,,,FCBFBFBFFB,CSFBFFBFFBB,SFBFBFFFFBFB
,,,,,,,FCBFBFFBFB,CSFBFFFBBFB,SFBFBFFFFFBB
,,,,,,,FCBFBFFFBB,CSFBFFFBFBB,SFBFFBBFFFFB
,,,,,,,FCBFFBBFFB,CSFBFFFFBBB,SFBFFBFBFFFB
,,,,,,,FCBFFBFBFB,CSFFBBBFFFB,SFBFFBFFBFFB
,,,,,,,FCBFFBFFBB,CSFFBBFBFFB,SFBFFBFFFBFB
,,,,,,,FCBFFFBBFB,CSFFBBFFBFB,SFBFFBFFFFBB
,,,,,,,FCBFFFBFBB,CSFFBBFFFBB,SFBFFFBBFFFB
,,,,,,,FCBFFFFBBB,CSFFBFBBFFB,SFBFFFBFBFFB
,,,,,,,FCFBBBFFFB,CSFFBFBFBFB,SFBFFFBFFBFB
,,,,,,,FCFBBFBFFB,CSFFBFBFFBB,SFBFFFBFFFBB
,,,,,,,FCFBBFFBFB,CSFFBFFBBFB,SFBFFFFBBFFB
,,,,,,,FCFBBFFFBB,CSFFBFFBFBB,SFBFFFFBFBFB
,,,,,,,FCFBFBBFFB,CSFFBFFFBBB,SFBFFFFBFFBB
,,,,,,,FCFBFBFBFB,CSFFFBBBFFB,SFBFFFFFBBFB
,,,,,,,FCFBFBFFBB,CSFFFBBFBFB,SFBFFFFFBFBB
,,,,,,,FCFBFFBBFB,CSFFFBBFFBB,SFBFFFFFFBBB
,,,,,,,FCFBFFBFBB,CSFFFBFBBFB,SFFBBBFFFFFB
,,,,,,,FCFBFFFBBB,CSFFFBFBFBB,SFFBBFBFFFFB
,,,,,,,FCFFBBBFFB,CSFFFBFFBBB,SFFBBFFBFFFB
,,,,,,,FCFFBBFBFB,CSFFFFBBBFB,SFFBBFFFBFFB
,,,,,,,FCFFBBFFBB,CSFFFFBBFBB,SFFBBFFFFBFB
,,,,,,,FCFFBFBBFB,CSFFFFBFBBB,SFFBBFFFFFBB
,,,,,,,FCFFBFBFBB,CSFFFFFBBBB,SFFBFBBFFFFB
,,,,,,,FCFFBFFBBB,CCBBBFFFFFB,SFFBFBFBFFFB
,,,,,,,FCFFFBBBFB,CCBBFBFFFFB,SFFBFBFFBFFB
,,,,,,,FCFFFBBFBB,CCBBFFBFFFB,SFFBFBFFFBFB
,,,,,,,FCFFFBFBBB,CCBBFFFBFFB,SFFBFBFFFFBB
,,,,,,,FCFFFFBBBB,CCBBFFFFBFB,SFFBFFBBFFFB
,,,,,,,FFBBBFFFFB,CCBBFFFFFBB,SFFBFFBFBFFB
,,,,,,,FFBBFBFFFB,CCBFBBFFFFB,SFFBFFBFFBFB
,,,,,,,FFBBFFBFFB,CCBFBFBFFFB,SFFBFFBFFFBB
,,,,,,,FFBBFFFBFB,CCBFBFFBFFB,SFFBFFFBBFFB
,,,,,,,FFBBFFFFBB,CCBFBFFFBFB,SFFBFFFBFBFB
,,,,,,,FFBFBBFFFB,CCBFBFFFFBB,SFFBFFFBFFBB
,,,,,,,FFBFBFBFFB,CCBFFBBFFFB,SFFBFFFFBBFB
,,,,,,,FFBFBFFBFB,CCBFFBFBFFB,SFFBFFFFBFBB
,,,,,,,FFBFBFFFBB,CCBFFBFFBFB,SFFBFFFFFBBB
,,,,,,,FFBFFBBFFB,CCBFFBFFFBB,SFFFBBBFFFFB
,,,,,,,FFBFFBFBFB,CCBFFFBBFFB,SFFFBBFBFFFB
,,,,,,,FFBFFBFFBB,CCBFFFBFBFB,SFFFBBFFBFFB
,,,,,,,FFBFFFBBFB,CCBFFFBFFBB,SFFFBBFFFBFB
,,,,,,,FFBFFFBFBB,CCBFFFFBBFB,SFFFBBFFFFBB
,,,,,,,FFBFFFFBBB,CCBFFFFBFBB,SFFFBFBBFFFB
,,,,,,,FFFBBBFFFB,CCBFFFFFBBB,SFFFBFBFBFFB
,,,,,,,FFFBBFBFFB,CCFBBBFFFFB,SFFFBFBFFBFB
,,,,,,,FFFBBFFBFB,CCFBBFBFFFB,SFFFBFBFFFBB
,,,,,,,FFFBBFFFBB,CCFBBFFBFFB,SFFFBFFBBFFB
,,,,,,,FFFBFBBFFB,CCFBBFFFBFB,SFFFBFFBFBFB
,,,,,,,FFFBFBFBFB,CCFBBFFFFBB,SFFFBFFBFFBB
,,,,,,,FFFBFBFFBB,CCFBFBBFFFB,SFFFBFFFBBFB
,,,,,,,FFFBFFBBFB,CCFBFBFBFFB,SFFFBFFFBFBB
,,,,,,,FFFBFFBFBB,CCFBFBFFBFB,SFFFBFFFFBBB
,,,,,,,FFFBFFFBBB,CCFBFBFFFBB,SFFFFBBBFFFB
,,,,,,,FFFFBBBFFB,CCFBFFBBFFB,SFFFFBBFBFFB
,,,,,,,FFFFBBFBFB,CCFBFFBFBFB,SFFFFBBFFBFB
,,,,,,,FFFFBBFFBB,CCFBFFBFFBB,SFFFFBBFFFBB
,,,,,,,FFFFBFBBFB,CCFBFFFBBFB,SFFFFBFBBFFB
,,,,,,,FFFFBFBFBB,CCFBFFFBFBB,SFFFFBFBFBFB
,,,,,,,FFFFBFFBBB,CCFBFFFFBBB,SFFFFBFBFFBB
,,,,,,,FFFFFBBBFB,CCFFBBBFFFB,SFFFFBFFBBFB
,,,,,,,FFFFFBBFBB,CCFFBBFBFFB,SFFFFBFFBFBB
,,,,,,,FFFFFBFBBB,CCFFBBFFBFB,SFFFFBFFFBBB
,,,,,,,FFFFFFBBBB,CCFFBBFFFBB,SFFFFFBBBFFB
,,,,,,,,CCFFBFBBFFB,SFFFFFBBFBFB
,,,,,,,,CCFFBFBFBFB,SFFFFFBBFFBB
,,,,,,,,CCFFBFBFFBB,SFFFFFBFBBFB
,,,,,,,,CCFFBFFBBFB,SFFFFFBFBFBB
,,,,,,,,CCFFBFFBFBB,SFFFFFBFFBBB
,,,,,,,,CCFFBFFFBBB,SFFFFFFBBBFB
,,,,,,,,CCFFFBBBFFB,SFFFFFFBBFBB
,,,,,,,,CCFFFBBFBFB,SFFFFFFBFBBB
,,,,,,,,CCFFFBBFFBB,SFFFFFFFBBBB
,,,,,,,,CCFFFBFBBFB,CBBBSFFFFFFB
,,,,,,,,CCFFFBFBFBB,CBBBCFFFFFFB
,,,,,,,,CCFFFBFFBBB,CBBBFFFFFFFB
,,,,,,,,CCFFFFBBBFB,CBBSBFFFFFFB
,,,,,,,,CCFFFFBBFBB,CBBSFBFFFFFB
,,,,,,,,CCFFFFBFBBB,CBBSFFBFFFFB
,,,,,,,,CCFFFFFBBBB,CBBSFFFBFFFB
,,,,,,,,CFBBBFFFFFB,CBBSFFFFBFFB
,,,,,,,,CFBBFBFFFFB,CBBSFFFFFBFB
,,,,,,,,CFBBFFBFFFB,CBBSFFFFFFBB
,,,,,,,,CFBBFFFBFFB,CBBCBFFFFFFB
,,,,,,,,CFBBFFFFBFB,CBBCFBFFFFFB
,,,,,,,,CFBBFFFFFBB,CBBCFFBFFFFB
,,,,,,,,CFBFBBFFFFB,CBBCFFFBFFFB
,,,,,,,,CFBFBFBFFFB,CBBCFFFFBFFB
,,,,,,,,CFBFBFFBFFB,CBBCFFFFFBFB
,,,,,,,,CFBFBFFFBFB,CBBCFFFFFFBB
,,,,,,,,CFBFBFFFFBB,CBBFBFFFFFFB
,,,,,,,,CFBFFBBFFFB,CBBFFBFFFFFB
,,,,,,,,CFBFFBFBFFB,CBBFFFBFFFFB
,,,,,,,,CFBFFBFFBFB,CBBFFFFBFFFB
,,,,,,,,CFBFFBFFFBB,CBBFFFFFBFFB
,,,,,,,,CFBFFFBBFFB,CBBFFFFFFBFB
,,,,,,,,CFBFFFBFBFB,CBBFFFFFFFBB
,,,,,,,,CFBFFFBFFBB,CBSBBFFFFFFB
,,,,,,,,CFBFFFFBBFB,CBSBFBFFFFFB
,,,,,,,,CFBFFFFBFBB,CBSBFFBFFFFB
,,,,,,,,CFBFFFFFBBB,CBSBFFFBFFFB
,,,,,,,,CFFBBBFFFFB,CBSBFFFFBFFB
,,,,,,,,CFFBBFBFFFB,CBSBFFFFFBFB
,,,,,,,,CFFBBFFBFFB,CBSBFFFFFFBB
,,,,,,,,CFFBBFFFBFB,CBSFBBFFFFFB
,,,,,,,,CFFBBFFFFBB,CBSFBFBFFFFB
,,,,,,,,CFFBFBBFFFB,CBSFBFFBFFFB
,,,,,,,,CFFBFBFBFFB,CBSFBFFFBFFB
,,,,,,,,CFFBFBFFBFB,CBSFBFFFFBFB
,,,,,,,,CFFBFBFFFBB,CBSFBFFFFFBB
,,,,,,,,CFFBFFBBFFB,CBSFFBBFFFFB
,,,,,,,,CFFBFFBFBFB,CBSFFBFBFFFB
,,,,,,,,CFFBFFBFFBB,CBSFFBFFBFFB
,,,,,,,,CFFBFFFBBFB,CBSFFBFFFBFB
,,,,,,,,CFFBFFFBFBB,CBSFFBFFFFBB
,,,,,,,,CFFBFFFFBBB,CBSFFFBBFFFB
,,,,,,,,CFFFBBBFFFB,CBSFFFBFBFFB
,,,,,,,,CFFFBBFBFFB,CBSFFFBFFBFB
,,,,,,,,CFFFBBFFBFB,CBSFFFBFFFBB
,,,,,,,,CFFFBBFFFBB,CBSFFFFBBFFB
,,,,,,,,CFFFBFBBFFB,CBSFFFFBFBFB
,,,,,,,,CFFFBFBFBFB,CBSFFFFBFFBB
,,,,,,,,CFFFBFBFFBB,CBSFFFFFBBFB
,,,,,,,,CFFFBFFBBFB,CBSFFFFFBFBB
,,,,,,,,CFFFBFFBFBB,CBSFFFFFFBBB
,,,,,,,,CFFFBFFFBBB,CBCBBFFFFFFB
,,,,,,,,CFFFFBBBFFB,CBCBFBFFFFFB
,,,,,,,,CFFFFBBFBFB,CBCBFFBFFFFB
,,,,,,,,CFFFFBBFFBB,CBCBFFFBFFFB
,,,,,,,,CFFFFBFBBFB,CBCBFFFFBFFB
,,,,,,,,CFFFFBFBFBB,CBCBFFFFFBFB
,,,,,,,,CFFFFBFFBBB,CBCBFFFFFFBB
,,,,,,,,CFFFFFBBBFB,CBCFBBFFFFFB
,,,,,,,,CFFFFFBBFBB,CBCFBFBFFFFB
,,,,,,,,CFFFFFBFBBB,CBCFBFFBFFFB
,,,,,,,,CFFFFFFBBBB,CBCFBFFFBFFB
,,,,,,,,FBBBSFFFFFB,CBCFBFFFFBFB
,,,,,,,,FBBBCFFFFFB,CBCFBFFFFFBB
,,,,,,,,FBBBFFFFFFB,CBCFFBBFFFFB
,,,,,,,,FBBSBFFFFFB,CBCFFBFBFFFB
,,,,,,,,FBBSFBFFFFB,CBCFFBFFBFFB
,,,,,,,,FBBSFFBFFFB,CBCFFBFFFBFB
,,,,,,,,FBBSFFFBFFB,CBCFFBFFFFBB
,,,,,,,,FBBSFFFFBFB,CBCFFFBBFFFB
,,,,,,,,FBBSFFFFFBB,CBCFFFBFBFFB
,,,,,,,,FBBCBFFFFFB,CBCFFFBFFBFB
,,,,,,,,FBBCFBFFFFB,CBCFFFBFFFBB
,,,,,,,,FBBCFFBFFFB,CBCFFFFBBFFB
,,,,,,,,FBBCFFFBFFB,CBCFFFFBFBFB
,,,,,,,,FBBCFFFFBFB,CBCFFFFBFFBB
,,,,,,,,FBBCFFFFFBB,CBCFFFFFBBFB
,,,,,,,,FBBFBFFFFFB,CBCFFFFFBFBB
,,,,,,,,FBBFFBFFFFB,CBCFFFFFFBBB
,,,,,,,,FBBFFFBFFFB,CBFBBFFFFFFB
,,,,,,,,FBBFFFFBFFB,CBFBFBFFFFFB
,,,,,,,,FBBFFFFFBFB,CBFBFFBFFFFB
,,,,,,,,FBBFFFFFFBB,CBFBFFFBFFFB
,,,,,,,,FBSBBFFFFFB,CBFBFFFFBFFB
,,,,,,,,FBSBFBFFFFB,CBFBFFFFFBFB
,,,,,,,,FBSBFFBFFFB,CBFBFFFFFFBB
,,,,,,,,FBSBFFFBFFB,CBFFBBFFFFFB
,,,,,,,,FBSBFFFFBFB,CBFFBFBFFFFB
,,,,,,,,FBSBFFFFFBB,CBFFBFFBFFFB
,,,,,,,,FBSFBBFFFFB,CBFFBFFFBFFB
,,,,,,,,FBSFBFBFFFB,CBFFBFFFFBFB
,,,,,,,,FBSFBFFBFFB,CBFFBFFFFFBB
,,,,,,,,FBSFBFFFBFB,CBFFFBBFFFFB
,,,,,,,,FBSFBFFFFBB,CBFFFBFBFFFB
,,,,,,,,FBSFFBBFFFB,CBFFFBFFBFFB
,,,,,,,,FBSFFBFBFFB,CBFFFBFFFBFB
,,,,,,,,FBSFFBFFBFB,CBFFFBFFFFBB
,,,,,,,,FBSFFBFFFBB,CBFFFFBBFFFB
,,,,,,,,FBSFFFBBFFB,CBFFFFBFBFFB
,,,,,,,,FBSFFFBFBFB,CBFFFFBFFBFB
,,,,,,,,FBSFFFBFFBB,CBFFFFBFFFBB
,,,,,,,,FBSFFFFBBFB,CBFFFFFBBFFB
,,,,,,,,FBSFFFFBFBB,CBFFFFFBFBFB
,,,,,,,,FBSFFFFFBBB,CBFFFFFBFFBB
,,,,,,,,FBCBBFFFFFB,CBFFFFFFBBFB
,,,,,,,,FBCBFBFFFFB,CBFFFFFFBFBB
,,,,,,,,FBCBFFBFFFB,CBFFFFFFFBBB
,,,,,,,,FBCBFFFBFFB,CSBBBFFFFFFB
,,,,,,,,FBCBFFFFBFB,CSBBFBFFFFFB
,,,,,,,,FBCBFFFFFBB,CSBBFFBFFFFB
,,,,,,,,FBCFBBFFFFB,CSBBFFFBFFFB
,,,,,,,,FBCFBFBFFFB,CSBBFFFFBFFB
,,,,,,,,FBCFBFFBFFB,CSBBFFFFFBFB
,,,,,,,,FBCFBFFFBFB,CSBBFFFFFFBB
,,,,,,,,FBCFBFFFFBB,CSBFBBFFFFFB
,,,,,,,,FBCFFBBFFFB,CSBFBFBFFFFB
,,,,,,,,FBCFFBFBFFB,CSBFBFFBFFFB
,,,,,,,,FBCFFBFFBFB,CSBFBFFFBFFB
,,,,,,,,FBCFFBFFFBB,CSBFBFFFFBFB
,,,,,,,,FBCFFFBBFFB,CSBFBFFFFFBB
,,,,,,,,FBCFFFBFBFB,CSBFFBBFFFFB
,,,,,,,,FBCFFFBFFBB,CSBFFBFBFFFB
,,,,,,,,FBCFFFFBBFB,CSBFFBFFBFFB
,,,,,,,,FBCFFFFBFBB,CSBFFBFFFBFB
,,,,,,,,FBCFFFFFBBB,CSBFFBFFFFBB
,,,,,,,,FBFBBFFFFFB,CSBFFFBBFFFB
,,,,,,,,FBFBFBFFFFB,CSBFFFBFBFFB
,,,,,,,,FBFBFFBFFFB,CSBFFFBFFBFB
,,,,,,,,FBFBFFFBFFB,CSBFFFBFFFBB
,,,,,,,,FBFBFFFFBFB,CSBFFFFBBFFB
,,,,,,,,FBFBFFFFFBB,CSBFFFFBFBFB
,,,,,,,,FBFFBBFFFFB,CSBFFFFBFFBB
,,,,,,,,FBFFBFBFFFB,CSBFFFFFBBFB
,,,,,,,,FBFFBFFBFFB,CSBFFFFFBFBB
,,,,,,,,FBFFBFFFBFB,CSBFFFFFFBBB
,,,,,,,,FBFFBFFFFBB,CSFBBBFFFFFB
,,,,,,,,FBFFFBBFFFB,CSFBBFBFFFFB
,,,,,,,,FBFFFBFBFFB,CSFBBFFBFFFB
,,,,,,,,FBFFFBFFBFB,CSFBBFFFBFFB
,,,,,,,,FBFFFBFFFBB,CSFBBFFFFBFB
,,,,,,,,FBFFFFBBFFB,CSFBBFFFFFBB
,,,,,,,,FBFFFFBFBFB,CSFBFBBFFFFB
,,,,,,,,FBFFFFBFFBB,CSFBFBFBFFFB
,,,,,,,,FBFFFFFBBFB,CSFBFBFFBFFB
,,,,,,,,FBFFFFFBFBB,CSFBFBFFFBFB
,,,,,,,,FBFFFFFFBBB,CSFBFBFFFFBB
,,,,,,,,FSBBBFFFFFB,CSFBFFBBFFFB
,,,,,,,,FSBBFBFFFFB,CSFBFFBFBFFB
,,,,,,,,FSBBFFBFFFB,CSFBFFBFFBFB
,,,,,,,,FSBBFFFBFFB,CSFBFFBFFFBB
,,,,,,,,FSBBFFFFBFB,CSFBFFFBBFFB
,,,,,,,,FSBBFFFFFBB,CSFBFFFBFBFB
,,,,,,,,FSBFBBFFFFB,CSFBFFFBFFBB
,,,,,,,,FSBFBFBFFFB,CSFBFFFFBBFB
,,,,,,,,FSBFBFFBFFB,CSFBFFFFBFBB
,,,,,,,,FSBFBFFFBFB,CSFBFFFFFBBB
,,,,,,,,FSBFBFFFFBB,CSFFBBBFFFFB
,,,,,,,,FSBFFBBFFFB,CSFFBBFBFFFB
,,,,,,,,FSBFFBFBFFB,CSFFBBFFBFFB
,,,,,,,,FSBFFBFFBFB,CSFFBBFFFBFB
,,,,,,,,FSBFFBFFFBB,CSFFBBFFFFBB
,,,,,,,,FSBFFFBBFFB,CSFFBFBBFFFB
,,,,,,,,FSBFFFBFBFB,CSFFBFBFBFFB
,,,,,,,,FSBFFFBFFBB,CSFFBFBFFBFB
,,,,,,,,FSBFFFFBBFB,CSFFBFBFFFBB
,,,,,,,,FSBFFFFBFBB,CSFFBFFBBFFB
,,,,,,,,FSBFFFFFBBB,CSFFBFFBFBFB
,,,,,,,,FSFBBBFFFFB,CSFFBFFBFFBB
,,,,,,,,FSFBBFBFFFB,CSFFBFFFBBFB
,,,,,,,,FSFBBFFBFFB,CSFFBFFFBFBB
,,,,,,,,FSFBBFFFBFB,CSFFBFFFFBBB
,,,,,,,,FSFBBFFFFBB,CSFFFBBBFFFB
,,,,,,,,FSFBFBBFFFB,CSFFFBBFBFFB
,,,,,,,,FSFBFBFBFFB,CSFFFBBFFBFB
,,,,,,,,FSFBFBFFBFB,CSFFFBBFFFBB
,,,,,,,,FSFBFBFFFBB,CSFFFBFBBFFB
,,,,,,,,FSFBFFBBFFB,CSFFFBFBFBFB
,,,,,,,,FSFBFFBFBFB,CSFFFBFBFFBB
,,,,,,,,FSFBFFBFFBB,CSFFFBFFBBFB
,,,,,,,,FSFBFFFBBFB,CSFFFBFFBFBB
,,,,,,,,FSFBFFFBFBB,CSFFFBFFFBBB
,,,,,,,,FSFBFFFFBBB,CSFFFFBBBFFB
,,,,,,,,FSFFBBBFFFB,CSFFFFBBFBFB
,,,,,,,,FSFFBBFBFFB,CSFFFFBBFFBB
,,,,,,,,FSFFBBFFBFB,CSFFFFBFBBFB
,,,,,,,,FSFFBBFFFBB,CSFFFFBFBFBB
,,,,,,,,FSFFBFBBFFB,CSFFFFBFFBBB
,,,,,,,,FSFFBFBFBFB,CSFFFFFBBBFB
,,,,,,,,FSFFBFBFFBB,CSFFFFFBBFBB
,,,,,,,,FSFFBFFBBFB,CSFFFFFBFBBB
,,,,,,,,FSFFBFFBFBB,CSFFFFFFBBBB
,,,,,,,,FSFFBFFFBBB,CCBBBFFFFFFB
,,,,,,,,FSFFFBBBFFB,CCBBFBFFFFFB
,,,,,,,,FSFFFBBFBFB,CCBBFFBFFFFB
,,,,,,,,FSFFFBBFFBB,CCBBFFFBFFFB
,,,,,,,,FSFFFBFBBFB,CCBBFFFFBFFB
,,,,,,,,FSFFFBFBFBB,CCBBFFFFFBFB
,,,,,,,,FSFFFBFFBBB,CCBBFFFFFFBB
,,,,,,,,FSFFFFBBBFB,CCBFBBFFFFFB
,,,,,,,,FSFFFFBBFBB,CCBFBFBFFFFB
,,,,,,,,FSFFFFBFBBB,CCBFBFFBFFFB
,,,,,,,,FSFFFFFBBBB,CCBFBFFFBFFB
,,,,,,,,FCBBBFFFFFB,CCBFBFFFFBFB
,,,,,,,,FCBBFBFFFFB,CCBFBFFFFFBB
,,,,,,,,FCBBFFBFFFB,CCBFFBBFFFFB
,,,,,,,,FCBBFFFBFFB,CCBFFBFBFFFB
,,,,,,,,FCBBFFFFBFB,CCBFFBFFBFFB
,,,,,,,,FCBBFFFFFBB,CCBFFBFFFBFB
,,,,,,,,FCBFBBFFFFB,CCBFFBFFFFBB
,,,,,,,,FCBFBFBFFFB,CCBFFFBBFFFB
,,,,,,,,FCBFBFFBFFB,CCBFFFBFBFFB
,,,,,,,,FCBFBFFFBFB,CCBFFFBFFBFB
,,,,,,,,FCBFBFFFFBB,CCBFFFBFFFBB
,,,,,,,,FCBFFBBFFFB,CCBFFFFBBFFB
,,,,,,,,FCBFFBFBFFB,CCBFFFFBFBFB
,,,,,,,,FCBFFBFFBFB,CCBFFFFBFFBB
,,,,,,,,FCBFFBFFFBB,CCBFFFFFBBFB
,,,,,,,,FCBFFFBBFFB,CCBFFFFFBFBB
,,,,,,,,FCBFFFBFBFB,CCBFFFFFFBBB
,,,,,,,,FCBFFFBFFBB,CCFBBBFFFFFB
,,,,,,,,FCBFFFFBBFB,CCFBBFBFFFFB
,,,,,,,,FCBFFFFBFBB,CCFBBFFBFFFB
,,,,,,,,FCBFFFFFBBB,CCFBBFFFBFFB
,,,,,,,,FCFBBBFFFFB,CCFBBFFFFBFB
,,,,,,,,FCFBBFBFFFB,CCFBBFFFFFBB
,,,,,,,,FCFBBFFBFFB,CCFBFBBFFFFB
,,,,,,,,FCFBBFFFBFB,CCFBFBFBFFFB
,,,,,,,,FCFBBFFFFBB,CCFBFBFFBFFB
,,,,,,,,FCFBFBBFFFB,CCFBFBFFFBFB
,,,,,,,,FCFBFBFBFFB,CCFBFBFFFFBB
,,,,,,,,FCFBFBFFBFB,CCFBFFBBFFFB
,,,,,,,,FCFBFBFFFBB,CCFBFFBFBFFB
,,,,,,,,FCFBFFBBFFB,CCFBFFBFFBFB
,,,,,,,,FCFBFFBFBFB,CCFBFFBFFFBB
,,,,,,,,FCFBFFBFFBB,CCFBFFFBBFFB
,,,,,,,,FCFBFFFBBFB,CCFBFFFBFBFB
,,,,,,,,FCFBFFFBFBB,CCFBFFFBFFBB
,,,,,,,,FCFBFFFFBBB,CCFBFFFFBBFB
,,,,,,,,FCFFBBBFFFB,CCFBFFFFBFBB
,,,,,,,,FCFFBBFBFFB,CCFBFFFFFBBB
,,,,,,,,FCFFBBFFBFB,CCFFBBBFFFFB
,,,,,,,,FCFFBBFFFBB,CCFFBBFBFFFB
,,,,,,,,FCFFBFBBFFB,CCFFBBFFBFFB
,,,,,,,,FCFFBFBFBFB,CCFFBBFFFBFB
,,,,,,,,FCFFBFBFFBB,CCFFBBFFFFBB
,,,,,,,,FCFFBFFBBFB,CCFFBFBBFFFB
,,,,,,,,FCFFBFFBFBB,CCFFBFBFBFFB
,,,,,,,,FCFFBFFFBBB,CCFFBFBFFBFB
,,,,,,,,FCFFFBBBFFB,CCFFBFBFFFBB
,,,,,,,,FCFFFBBFBFB,CCFFBFFBBFFB
,,,,,,,,FCFFFBBFFBB,CCFFBFFBFBFB
,,,,,,,,FCFFFBFBBFB,CCFFBFFBFFBB
,,,,,,,,FCFFFBFBFBB,CCFFBFFFBBFB
,,,,,,,,FCFFFBFFBBB,CCFFBFFFBFBB
,,,,,,,,FCFFFFBBBFB,CCFFBFFFFBBB
,,,,,,,,FCFFFFBBFBB,CCFFFBBBFFFB
,,,,,,,,FCFFFFBFBBB,CCFFFBBFBFFB
,,,,,,,,FCFFFFFBBBB,CCFFFBBFFBFB
,,,,,,,,FFBBBFFFFFB,CCFFFBBFFFBB
,,,,,,,,FFBBFBFFFFB,CCFFFBFBBFFB
,,,,,,,,FFBBFFBFFFB,CCFFFBFBFBFB
,,,,,,,,FFBBFFFBFFB,CCFFFBFBFFBB
,,,,,,,,FFBBFFFFBFB,CCFFFBFFBBFB
,,,,,,,,FFBBFFFFFBB,CCFFFBFFBFBB
,,,,,,,,FFBFBBFFFFB,CCFFFBFFFBBB
,,,,,,,,FFBFBFBFFFB,CCFFFFBBBFFB
,,,,,,,,FFBFBFFBFFB,CCFFFFBBFBFB
,,,,,,,,FFBFBFFFBFB,CCFFFFBBFFBB
,,,,,,,,FFBFBFFFFBB,CCFFFFBFBBFB
,,,,,,,,FFBFFBBFFFB,CCFFFFBFBFBB
,,,,,,,,FFBFFBFBFFB,CCFFFFBFFBBB
,,,,,,,,FFBFFBFFBFB,CCFFFFFBBBFB
,,,,,,,,FFBFFBFFFBB,CCFFFFFBBFBB
,,,,,,,,FFBFFFBBFFB,CCFFFFFBFBBB
,,,,,,,,FFBFFFBFBFB,CCFFFFFFBBBB
,,,,,,,,FFBFFFBFFBB,CFBBBFFFFFFB
,,,,,,,,FFBFFFFBBFB,CFBBFBFFFFFB
,,,,,,,,FFBFFFFBFBB,CFBBFFBFFFFB
,,,,,,,,FFBFFFFFBBB,CFBBFFFBFFFB
,,,,,,,,FFFBBBFFFFB,CFBBFFFFBFFB
,,,,,,,,FFFBBFBFFFB,CFBBFFFFFBFB
,,,,,,,,FFFBBFFBFFB,CFBBFFFFFFBB
,,,,,,,,FFFBBFFFBFB,CFBFBBFFFFFB
,,,,,,,,FFFBBFFFFBB,CFBFBFBFFFFB
,,,,,,,,FFFBFBBFFFB,CFBFBFFBFFFB
,,,,,,,,FFFBFBFBFFB,CFBFBFFFBFFB
,,,,,,,,FFFBFBFFBFB,CFBFBFFFFBFB
,,,,,,,,FFFBFBFFFBB,CFBFBFFFFFBB
,,,,,,,,FFFBFFBBFFB,CFBFFBBFFFFB
,,,,,,,,FFFBFFBFBFB,CFBFFBFBFFFB
,,,,,,,,FFFBFFBFFBB,CFBFFBFFBFFB
,,,,,,,,FFFBFFFBBFB,CFBFFBFFFBFB
,,,,,,,,FFFBFFFBFBB,CFBFFBFFFFBB
,,,,,,,,FFFBFFFFBBB,CFBFFFBBFFFB
,,,,,,,,FFFFBBBFFFB,CFBFFFBFBFFB
,,,,,,,,FFFFBBFBFFB,CFBFFFBFFBFB
,,,,,,,,FFFFBBFFBFB,CFBFFFBFFFBB
,,,,,,,,FFFFBBFFFBB,CFBFFFFBBFFB
,,,,,,,,FFFFBFBBFFB,CFBFFFFBFBFB
,,,,,,,,FFFFBFBFBFB,CFBFFFFBFFBB
,,,,,,,,FFFFBFBFFBB,CFBFFFFFBBFB
,,,,,,,,FFFFBFFBBFB,CFBFFFFFBFBB
,,,,,,,,FFFFBFFBFBB,CFBFFFFFFBBB
,,,,,,,,FFFFBFFFBBB,CFFBBBFFFFFB
,,,,,,,,FFFFFBBBFFB,CFFBBFBFFFFB
,,,,,,,,FFFFFBBFBFB,CFFBBFFBFFFB
,,,,,,,,FFFFFBBFFBB,CFFBBFFFBFFB
,,,,,,,,FFFFFBFBBFB,CFFBBFFFFBFB
,,,,,,,,FFFFFBFBFBB,CFFBBFFFFFBB
,,,,,,,,FFFFFBFFBBB,CFFBFBBFFFFB
,,,,,,,,FFFFFFBBBFB,CFFBFBFBFFFB
,,,,,,,,FFFFFFBBFBB,CFFBFBFFBFFB
,,,,,,,,FFFFFFBFBBB,CFFBFBFFFBFB
,,,,,,,,FFFFFFFBBBB,CFFBFBFFFFBB
,,,,,,,,,CFFBFFBBFFFB
,,,,,,,,,CFFBFFBFBFFB
,,,,,,,,,CFFBFFBFFBFB
,,,,,,,,,CFFBFFBFFFBB
,,,,,,,,,CFFBFFFBBFFB
,,,,,,,,,CFFBFFFBFBFB
,,,,,,,,,CFFBFFFBFFBB
,,,,,,,,,CFFBFFFFBBFB
,,,,,,,,,CFFBFFFFBFBB
,,,,,,,,,CFFBFFFFFBBB
,,,,,,,,,CFFFBBBFFFFB
,,,,,,,,,CFFFBBFBFFFB
,,,,,,,,,CFFFBBFFBFFB
,,,,,,,,,CFFFBBFFFBFB
,,,,,,,,,CFFFBBFFFFBB
,,,,,,,,,CFFFBFBBFFFB
,,,,,,,,,CFFFBFBFBFFB
,,,,,,,,,CFFFBFBFFBFB
,,,,,,,,,CFFFBFBFFFBB
,,,,,,,,,CFFFBFFBBFFB
,,,,,,,,,CFFFBFFBFBFB
,,,,,,,,,CFFFBFFBFFBB
,,,,,,,,,CFFFBFFFBBFB
,,,,,,,,,CFFFBFFFBFBB
,,,,,,,,,CFFFBFFFFBBB
,,,,,,,,,CFFFFBBBFFFB
,,,,,,,,,CFFFFBBFBFFB
,,,,,,,,,CFFFFBBFFBFB
,,,,,,,,,CFFFFBBFFFBB
,,,,,,,,,CFFFFBFBBFFB
,,,,,,,,,CFFFFBFBFBFB
,,,,,,,,,CFFFFBFBFFBB
,,,,,,,,,CFFFFBFFBBFB
,,,,,,,,,CFFFFBFFBFBB
,,,,,,,,,CFFFFBFFFBBB
,,,,,,,,,CFFFFFBBBFFB
,,,,,,,,,CFFFFFBBFBFB
,,,,,,,,,CFFFFFBBFFBB
,,,,,,,,,CFFFFFBFBBFB
,,,,,,,,,CFFFFFBFBFBB
,,,,,,,,,CFFFFFBFFBBB
,,,,,,,,,CFFFFFFBBBFB
,,,,,,,,,CFFFFFFBBFBB
,,,,,,,,,CFFFFFFBFBBB
,,,,,,,,,CFFFFFFFBBBB
,,,,,,,,,FBBBSFFFFFFB
,,,,,,,,,FBBBCFFFFFFB
,,,,,,,,,FBBBFFFFFFFB
,,,,,,,,,FBBSBFFFFFFB
,,,,,,,,,FBBSFBFFFFFB
,,,,,,,,,FBBSFFBFFFFB
,,,,,,,,,FBBSFFFBFFFB
,,,,,,,,,FBBSFFFFBFFB
,,,,,,,,,FBBSFFFFFBFB
,,,,,,,,,FBBSFFFFFFBB
,,,,,,,,,FBBCBFFFFFFB
,,,,,,,,,FBBCFBFFFFFB
,,,,,,,,,FBBCFFBFFFFB
,,,,,,,,,FBBCFFFBFFFB
,,,,,,,,,FBBCFFFFBFFB
,,,,,,,,,FBBCFFFFFBFB
,,,,,,,,,FBBCFFFFFFBB
,,,,,,,,,FBBFBFFFFFFB
,,,,,,,,,FBBFFBFFFFFB
,,,,,,,,,FBBFFFBFFFFB
,,,,,,,,,FBBFFFFBFFFB
,,,,,,,,,FBBFFFFFBFFB
,,,,,,,,,FBBFFFFFFBFB
,,,,,,,,,FBBFFFFFFFBB
,,,,,,,,,FBSBBFFFFFFB
,,,,,,,,,FBSBFBFFFFFB
,,,,,,,,,FBSBFFBFFFFB
,,,,,,,,,FBSBFFFBFFFB
,,,,,,,,,FBSBFFFFBFFB
,,,,,,,,,FBSBFFFFFBFB
,,,,,,,,,FBSBFFFFFFBB
,,,,,,,,,FBSFBBFFFFFB
,,,,,,,,,FBSFBFBFFFFB
,,,,,,,,,FBSFBFFBFFFB
,,,,,,,,,FBSFBFFFBFFB
,,,,,,,,,FBSFBFFFFBFB
,,,,,,,,,FBSFBFFFFFBB
,,,,,,,,,FBSFFBBFFFFB
,,,,,,,,,FBSFFBFBFFFB
,,,,,,,,,FBSFFBFFBFFB
,,,,,,,,,FBSFFBFFFBFB
,,,,,,,,,FBSFFBFFFFBB
,,,,,,,,,FBSFFFBBFFFB
,,,,,,,,,FBSFFFBFBFFB
,,,,,,,,,FBSFFFBFFBFB
,,,,,,,,,FBSFFFBFFFBB
,,,,,,,,,FBSFFFFBBFFB
,,,,,,,,,FBSFFFFBFBFB
,,,,,,,,,FBSFFFFBFFBB
,,,,,,,,,FBSFFFFFBBFB
,,,,,,,,,FBSFFFFFBFBB
,,,,,,,,,FBSFFFFFFBBB
,,,,,,,,,FBCBBFFFFFFB
,,,,,,,,,FBCBFBFFFFFB
,,,,,,,,,FBCBFFBFFFFB
,,,,,,,,,FBCBFFFBFFFB
,,,,,,,,,FBCBFFFFBFFB
,,,,,,,,,FBCBFFFFFBFB
,,,,,,,,,FBCBFFFFFFBB
,,,,,,,,,FBCFBBFFFFFB
,,,,,,,,,FBCFBFBFFFFB
,,,,,,,,,FBCFBFFBFFFB
,,,,,,,,,FBCFBFFFBFFB
,,,,,,,,,FBCFBFFFFBFB
,,,,,,,,,FBCFBFFFFFBB
,,,,,,,,,FBCFFBBFFFFB
,,,,,,,,,FBCFFBFBFFFB
,,,,,,,,,FBCFFBFFBFFB
,,,,,,,,,FBCFFBFFFBFB
,,,,,,,,,FBCFFBFFFFBB
,,,,,,,,,FBCFFFBBFFFB
,,,,,,,,,FBCFFFBFBFFB
,,,,,,,,,FBCFFFBFFBFB
,,,,,,,,,FBCFFFBFFFBB
,,,,,,,,,FBCFFFFBBFFB
,,,,,,,,,FBCFFFFBFBFB
,,,,,,,,,FBCFFFFBFFBB
,,,,,,,,,FBCFFFFFBBFB
,,,,,,,,,FBCFFFFFBFBB
,,,,,,,,,FBCFFFFFFBBB
,,,,,,,,,FBFBBFFFFFFB
,,,,,,,,,FBFBFBFFFFFB
,,,,,,,,,FBFBFFBFFFFB
,,,,,,,,,FBFBFFFBFFFB
,,,,,,,,,FBFBFFFFBFFB
,,,,,,,,,FBFBFFFFFBFB
,,,,,,,,,FBFBFFFFFFBB
,,,,,,,,,FBFFBBFFFFFB
,,,,,,,,,FBFFBFBFFFFB
,,,,,,,,,FBFFBFFBFFFB
,,,,,,,,,FBFFBFFFBFFB
,,,,,,,,,FBFFBFFFFBFB
,,,,,,,,,FBFFBFFFFFBB
,,,,,,,,,FBFFFBBFFFFB
,,,,,,,,,FBFFFBFBFFFB
,,,,,,,,,FBFFFBFFBFFB
,,,,,,,,,FBFFFBFFFBFB
,,,,,,,,,FBFFFBFFFFBB
,,,,,,,,,FBFFFFBBFFFB
,,,,,,,,,FBFFFFBFBFFB
,,,,,,,,,FBFFFFBFFBFB
,,,,,,,,,FBFFFFBFFFBB
,,,,,,,,,FBFFFFFBBFFB
,,,,,,,,,FBFFFFFBFBFB
,,,,,,,,,FBFFFFFBFFBB
,,,,,,,,,FBFFFFFFBBFB
,,,,,,,,,FBFFFFFFBFBB
,,,,,,,,,FBFFFFFFFBBB
,,,,,,,,,FSBBBFFFFFFB
,,,,,,,,,FSBBFBFFFFFB
,,,,,,,,,FSBBFFBFFFFB
,,,,,,,,,FSBBFFFBFFFB
,,,,,,,,,FSBBFFFFBFFB
,,,,,,,,,FSBBFFFFFBFB
,,,,,,,,,FSBBFFFFFFBB
,,,,,,,,,FSBFBBFFFFFB
,,,,,,,,,FSBFBFBFFFFB
,,,,,,,,,FSBFBFFBFFFB
,,,,,,,,,FSBFBFFFBFFB
,,,,,,,,,FSBFBFFFFBFB
,,,,,,,,,FSBFBFFFFFBB
,,,,,,,,,FSBFFBBFFFFB
,,,,,,,,,FSBFFBFBFFFB
,,,,,,,,,FSBFFBFFBFFB
,,,,,,,,,FSBFFBFFFBFB
,,,,,,,,,FSBFFBFFFFBB
,,,,,,,,,FSBFFFBBFFFB
,,,,,,,,,FSBFFFBFBFFB
,,,,,,,,,FSBFFFBFFBFB
,,,,,,,,,FSBFFFBFFFBB
,,,,,,,,,FSBFFFFBBFFB
,,,,,,,,,FSBFFFFBFBFB
,,,,,,,,,FSBFFFFBFFBB
,,,,,,,,,FSBFFFFFBBFB
,,,,,,,,,FSBFFFFFBFBB
,,,,,,,,,FSBFFFFFFBBB
,,,,,,,,,FSFBBBFFFFFB
,,,,,,,,,FSFBBFBFFFFB
,,,,,,,,,FSFBBFFBFFFB
,,,,,,,,,FSFBBFFFBFFB
,,,,,,,,,FSFBBFFFFBFB
,,,,,,,,,FSFBBFFFFFBB
,,,,,,,,,FSFBFBBFFFFB
,,,,,,,,,FSFBFBFBFFFB
,,,,,,,,,FSFBFBFFBFFB
,,,,,,,,,FSFBFBFFFBFB
,,,,,,,,,FSFBFBFFFFBB
,,,,,,,,,FSFBFFBBFFFB
,,,,,,,,,FSFBFFBFBFFB
,,,,,,,,,FSFBFFBFFBFB
,,,,,,,,,FSFBFFBFFFBB
,,,,,,,,,FSFBFFFBBFFB
,,,,,,,,,FSFBFFFBFBFB
,,,,,,,,,FSFBFFFBFFBB
,,,,,,,,,FSFBFFFFBBFB
,,,,,,,,,FSFBFFFFBFBB
,,,,,,,,,FSFBFFFFFBBB
,,,,,,,,,FSFFBBBFFFFB
,,,,,,,,,FSFFBBFBFFFB
,,,,,,,,,FSFFBBFFBFFB
,,,,,,,,,FSFFBBFFFBFB
,,,,,,,,,FSFFBBFFFFBB
,,,,,,,,,FSFFBFBBFFFB
,,,,,,,,,FSFFBFBFBFFB
,,,,,,,,,FSFFBFBFFBFB
,,,,,,,,,FSFFBFBFFFBB
,,,,,,,,,FSFFBFFBBFFB
,,,,,,,,,FSFFBFFBFBFB
,,,,,,,,,FSFFBFFBFFBB
,,,,,,,,,FSFFBFFFBBFB
,,,,,,,,,FSFFBFFFBFBB
,,,,,,,,,FSFFBFFFFBBB
,,,,,,,,,FSFFFBBBFFFB
,,,,,,,,,FSFFFBBFBFFB
,,,,,,,,,FSFFFBBFFBFB
,,,,,,,,,FSFFFBBFFFBB
,,,,,,,,,FSFFFBFBBFFB
,,,,,,,,,FSFFFBFBFBFB
,,,,,,,,,FSFFFBFBFFBB
,,,,,,,,,FSFFFBFFBBFB
,,,,,,,,,FSFFFBFFBFBB
,,,,,,,,,FSFFFBFFFBBB
,,,,,,,,,FSFFFFBBBFFB
,,,,,,,,,FSFFFFBBFBFB
,,,,,,,,,FSFFFFBBFFBB
,,,,,,,,,FSFFFFBFBBFB
,,,,,,,,,FSFFFFBFBFBB
,,,,,,,,,FSFFFFBFFBBB
,,,,,,,,,FSFFFFFBBBFB
,,,,,,,,,FSFFFFFBBFBB
,,,,,,,,,FSFFFFFBFBBB
,,,,,,,,,FSFFFFFFBBBB
,,,,,,,,,FCBBBFFFFFFB
,,,,,,,,,FCBBFBFFFFFB
,,,,,,,,,FCBBFFBFFFFB
,,,,,,,,,FCBBFFFBFFFB
,,,,,,,,,FCBBFFFFBFFB
,,,,,,,,,FCBBFFFFFBFB
,,,,,,,,,FCBBFFFFFFBB
,,,,,,,,,FCBFBBFFFFFB
,,,,,,,,,FCBFBFBFFFFB
,,,,,,,,,FCBFBFFBFFFB
,,,,,,,,,FCBFBFFFBFFB
,,,,,,,,,FCBFBFFFFBFB
,,,,,,,,,FCBFBFFFFFBB
,,,,,,,,,FCBFFBBFFFFB
,,,,,,,,,FCBFFBFBFFFB
,,,,,,,,,FCBFFBFFBFFB
,,,,,,,,,FCBFFBFFFBFB
,,,,,,,,,FCBFFBFFFFBB
,,,,,,,,,FCBFFFBBFFFB
,,,,,,,,,FCBFFFBFBFFB
,,,,,,,,,FCBFFFBFFBFB
,,,,,,,,,FCBFFFBFFFBB
,,,,,,,,,FCBFFFFBBFFB
,,,,,,,,,FCBFFFFBFBFB
,,,,,,,,,FCBFFFFBFFBB
,,,,,,,,,FCBFFFFFBBFB
,,,,,,,,,FCBFFFFFBFBB
,,,,,,,,,FCBFFFFFFBBB
,,,,,,,,,FCFBBBFFFFFB
,,,,,,,,,FCFBBFBFFFFB
,,,,,,,,,FCFBBFFBFFFB
,,,,,,,,,FCFBBFFFBFFB
,,,,,,,,,FCFBBFFFFBFB
,,,,,,,,,FCFBBFFFFFBB
,,,,,,,,,FCFBFBBFFFFB
,,,,,,,,,FCFBFBFBFFFB
,,,,,,,,,FCFBFBFFBFFB
,,,,,,,,,FCFBFBFFFBFB
,,,,,,,,,FCFBFBFFFFBB
,,,,,,,,,FCFBFFBBFFFB
,,,,,,,,,FCFBFFBFBFFB
,,,,,,,,,FCFBFFBFFBFB
,,,,,,,,,FCFBFFBFFFBB
,,,,,,,,,FCFBFFFBBFFB
,,,,,,,,,FCFBFFFBFBFB
,,,,,,,,,FCFBFFFBFFBB
,,,,,,,,,FCFBFFFFBBFB
,,,,,,,,,FCFBFFFFBFBB
,,,,,,,,,FCFBFFFFFBBB
,,,,,,,,,FCFFBBBFFFFB
,,,,,,,,,FCFFBBFBFFFB
,,,,,,,,,FCFFBBFFBFFB
,,,,,,,,,FCFFBBFFFBFB
,,,,,,,,,FCFFBBFFFFBB
,,,,,,,,,FCFFBFBBFFFB
,,,,,,,,,FCFFBFBFBFFB
,,,,,,,,,FCFFBFBFFBFB
,,,,,,,,,FCFFBFBFFFBB
,,,,,,,,,FCFFBFFBBFFB
,,,,,,,,,FCFFBFFBFBFB
,,,,,,,,,FCFFBFFBFFBB
,,,,,,,,,FCFFBFFFBBFB
,,,,,,,,,FCFFBFFFBFBB
,,,,,,,,,FCFFBFFFFBBB
,,,,,,,,,FCFFFBBBFFFB
,,,,,,,,,FCFFFBBFBFFB
,,,,,,,,,FCFFFBBFFBFB
,,,,,,,,,FCFFFBBFFFBB
,,,,,,,,,FCFFFBFBBFFB
,,,,,,,,,FCFFFBFBFBFB
,,,,,,,,,FCFFFBFBFFBB
,,,,,,,,,FCFFFBFFBBFB
,,,,,,,,,FCFFFBFFBFBB
,,,,,,,,,FCFFFBFFFBBB
,,,,,,,,,FCFFFFBBBFFB
,,,,,,,,,FCFFFFBBFBFB
,,,,,,,,,FCFFFFBBFFBB
,,,,,,,,,FCFFFFBFBBFB
,,,,,,,,,FCFFFFBFBFBB
,,,,,,,,,FCFFFFBFFBBB
,,,,,,,,,FCFFFFFBBBFB
,,,,,,,,,FCFFFFFBBFBB
,,,,,,,,,FCFFFFFBFBBB
,,,,,,,,,FCFFFFFFBBBB
,,,,,,,,,FFBBBFFFFFFB
,,,,,,,,,FFBBFBFFFFFB
,,,,,,,,,FFBBFFBFFFFB
,,,,,,,,,FFBBFFFBFFFB
,,,,,,,,,FFBBFFFFBFFB
,,,,,,,,,FFBBFFFFFBFB
,,,,,,,,,FFBBFFFFFFBB
,,,,,,,,,FFBFBBFFFFFB
,,,,,,,,,FFBFBFBFFFFB
,,,,,,,,,FFBFBFFBFFFB
,,,,,,,,,FFBFBFFFBFFB
,,,,,,,,,FFBFBFFFFBFB
,,,,,,,,,FFBFBFFFFFBB
,,,,,,,,,FFBFFBBFFFFB
,,,,,,,,,FFBFFBFBFFFB
,,,,,,,,,FFBFFBFFBFFB
,,,,,,,,,FFBFFBFFFBFB
,,,,,,,,,FFBFFBFFFFBB
,,,,,,,,,FFBFFFBBFFFB
,,,,,,,,,FFBFFFBFBFFB
,,,,,,,,,FFBFFFBFFBFB
,,,,,,,,,FFBFFFBFFFBB
,,,,,,,,,FFBFFFFBBFFB
,,,,,,,,,FFBFFFFBFBFB
,,,,,,,,,FFBFFFFBFFBB
,,,,,,,,,FFBFFFFFBBFB
,,,,,,,,,FFBFFFFFBFBB
,,,,,,,,,FFBFFFFFFBBB
,,,,,,,,,FFFBBBFFFFFB
,,,,,,,,,FFFBBFBFFFFB
,,,,,,,,,FFFBBFFBFFFB
,,,,,,,,,FFFBBFFFBFFB
,,,,,,,,,FFFBBFFFFBFB
,,,,,,,,,FFFBBFFFFFBB
,,,,,,,,,FFFBFBBFFFFB
,,,,,,,,,FFFBFBFBFFFB
,,,,,,,,,FFFBFBFFBFFB
,,,,,,,,,FFFBFBFFFBFB
,,,,,,,,,FFFBFBFFFFBB
,,,,,,,,,FFFBFFBBFFFB
,,,,,,,,,FFFBFFBFBFFB
,,,,,,,,,FFFBFFBFFBFB
,,,,,,,,,FFFBFFBFFFBB
,,,,,,,,,FFFBFFFBBFFB
,,,,,,,,,FFFBFFFBFBFB
,,,,,,,,,FFFBFFFBFFBB
,,,,,,,,,FFFBFFFFBBFB
,,,,,,,,,FFFBFFFFBFBB
,,,,,,,,,FFFBFFFFFBBB
,,,,,,,,,FFFFBBBFFFFB
,,,,,,,,,FFFFBBFBFFFB
,,,,,,,,,FFFFBBFFBFFB
,,,,,,,,,FFFFBBFFFBFB
,,,,,,,,,FFFFBBFFFFBB
,,,,,,,,,FFFFBFBBFFFB
,,,,,,,,,FFFFBFBFBFFB
,,,,,,,,,FFFFBFBFFBFB
,,,,,,,,,FFFFBFBFFFBB
,,,,,,,,,FFFFBFFBBFFB
,,,,,,,,,FFFFBFFBFBFB
,,,,,,,,,FFFFBFFBFFBB
,,,,,,,,,FFFFBFFFBBFB
,,,,,,,,,FFFFBFFFBFBB
,,,,,,,,,FFFFBFFFFBBB
,,,,,,,,,FFFFFBBBFFFB
,,,,,,,,,FFFFFBBFBFFB
,,,,,,,,,FFFFFBBFFBFB
,,,,,,,,,FFFFFBBFFFBB
,,,,,,,,,FFFFFBFBBFFB
,,,,,,,,,FFFFFBFBFBFB
,,,,,,,,,FFFFFBFBFFBB
,,,,,,,,,FFFFFBFFBBFB
,,,,,,,,,FFFFFBFFBFBB
,,,,,,,,,FFFFFBFFFBBB
,,,,,,,,,FFFFFFBBBFFB
,,,,,,,,,FFFFFFBBFBFB
,,,,,,,,,FFFFFFBBFFBB
,,,,,,,,,FFFFFFBFBBFB
,,,,,,,,,FFFFFFBFBFBB
,,,,,,,,,FFFFFFBFFBBB
,,,,,,,,,FFFFFFFBBBFB
,,,,,,,,,FFFFFFFBBFBB
,,,,,,,,,FFFFFFFBFBBB
,,,,,,,,,FFFFFFFFBBBB
